2,0.10547,-0.04761,0.95874,-4.64122,-43.54198,2.00000
3,0.10229,-0.04663,0.95654,-4.61069,-43.22137,1.90840
4,0.10693,-0.04932,0.96191,-4.61069,-43.17557,2.01527
5,0.11060,-0.04468,0.95044,-4.50382,-43.28244,1.95420
6,0.10229,-0.04736,0.95020,-4.61069,-43.32824,2.09160
7,0.10669,-0.05249,0.95483,-4.62595,-43.23664,1.78626
8,0.10718,-0.04932,0.95142,-4.56489,-43.51145,1.84733
9,0.10791,-0.04590,0.95972,-4.59542,-43.38931,2.10687
10,0.11230,-0.04517,0.94775,-4.41221,-43.25191,1.98473
11,0.09790,-0.05542,0.95679,-4.68702,-43.45038,1.86260
12,0.10303,-0.04736,0.94873,-4.47328,-43.32824,1.81679
13,0.10229,-0.04956,0.94971,-4.48855,-43.28244,1.70992
14,0.11206,-0.03809,0.95654,-4.71756,-43.25191,1.87786
15,0.09937,-0.05469,0.95850,-4.68702,-43.08397,1.93893
16,0.10669,-0.04688,0.95728,-4.59542,-43.28244,1.75573
17,0.11157,-0.04810,0.95605,-4.54962,-43.31298,1.93893
18,0.09937,-0.05225,0.95386,-4.67176,-43.48092,1.96947
19,0.11230,-0.05005,0.95557,-4.70229,-43.23664,1.86260
20,0.10449,-0.04956,0.96021,-4.77863,-43.29771,1.83206
21,0.10571,-0.04614,0.95947,-4.67176,-43.46565,1.89313
22,0.10742,-0.04932,0.95654,-4.56489,-43.35878,1.92366
23,0.10498,-0.04199,0.95630,-4.54962,-43.37405,2.01527
24,0.09863,-0.04956,0.96191,-4.54962,-43.25191,1.89313
25,0.10327,-0.04395,0.96045,-4.67176,-43.32824,1.83206
26,0.10156,-0.04932,0.96338,-4.67176,-43.40458,2.12214
27,0.10815,-0.04956,0.95532,-4.70229,-43.35878,2.07634
28,0.10205,-0.04810,0.95166,-4.71756,-43.26717,1.98473
29,0.10791,-0.05029,0.94995,-4.42748,-43.26717,2.03053
30,0.10303,-0.04468,0.95825,-4.58015,-43.28244,1.74046
31,0.10596,-0.05151,0.95776,-4.54962,-43.23664,1.86260
32,0.10791,-0.04541,0.95239,-4.47328,-43.20611,2.00000
33,0.10986,-0.04175,0.95532,-4.64122,-43.45038,1.78626
34,0.10718,-0.05225,0.94849,-4.67176,-43.22137,1.77099
35,0.10718,-0.04028,0.95215,-4.65649,-43.34351,2.15267
36,0.10181,-0.05176,0.94946,-4.41221,-43.32824,1.93893
37,0.10352,-0.04834,0.95508,-4.48855,-43.35878,2.01527
38,0.11011,-0.04932,0.95801,-4.58015,-43.11450,1.93893
39,0.10107,-0.04858,0.96118,-4.59542,-43.22137,1.89313
40,0.10669,-0.04590,0.95215,-4.68702,-43.49618,1.95420
41,0.09570,-0.04321,0.95605,-4.59542,-43.28244,2.01527
42,0.10352,-0.05396,0.95581,-4.59542,-43.35878,1.81679
43,0.10205,-0.05029,0.95239,-4.77863,-43.06870,1.64885
44,0.10620,-0.05518,0.94946,-4.61069,-43.38931,1.78626
45,0.11133,-0.05029,0.95361,-4.56489,-43.31298,2.04580
46,0.11230,-0.04395,0.95703,-4.58015,-43.40458,1.86260
47,0.10791,-0.04785,0.95239,-4.54962,-43.52672,1.70992
48,0.10938,-0.04614,0.95312,-4.56489,-43.31298,1.83206
49,0.10352,-0.04370,0.94971,-4.47328,-43.32824,1.98473
50,0.10229,-0.05054,0.94971,-4.71756,-43.16031,1.86260
51,0.09595,-0.05469,0.95776,-4.58015,-43.37405,1.87786
52,0.10205,-0.04858,0.95020,-4.74809,-43.49618,2.03053
53,0.10962,-0.04980,0.96118,-4.70229,-43.25191,1.83206
54,0.10449,-0.05151,0.96411,-4.59542,-43.25191,1.98473
55,0.10132,-0.05151,0.95312,-4.54962,-43.22137,1.87786
56,0.10083,-0.04443,0.96143,-4.50382,-43.32824,1.89313
57,0.10400,-0.04419,0.95654,-4.48855,-43.49618,2.04580
58,0.09790,-0.04492,0.95801,-4.77863,-43.43512,1.57252
59,0.10303,-0.05078,0.96094,-4.59542,-43.29771,1.34351
60,0.10181,-0.04639,0.95654,-4.71756,-43.29771,1.95420
61,0.11230,-0.04150,0.95142,-4.65649,-43.28244,1.61832
62,0.10229,-0.05054,0.95288,-4.68702,-43.12977,1.66412
63,0.10327,-0.04810,0.94971,-4.41221,-43.28244,2.24427
64,0.10498,-0.04346,0.95874,-4.44275,-43.32824,1.89313
65,0.10229,-0.04272,0.95996,-4.62595,-43.19084,1.58779
66,0.10254,-0.04932,0.95581,-4.56489,-43.48092,1.98473
67,0.10547,-0.04248,0.94873,-4.76336,-43.22137,1.92366
68,0.09863,-0.05127,0.95947,-4.67176,-43.19084,2.22901
69,0.09644,-0.04517,0.95459,-4.77863,-43.34351,1.93893
70,0.10034,-0.04736,0.95459,-4.65649,-43.35878,1.86260
71,0.10400,-0.05176,0.94971,-4.39695,-43.28244,1.83206
72,0.10791,-0.04785,0.95752,-4.47328,-43.26717,2.00000
73,0.10278,-0.05176,0.95801,-4.67176,-43.51145,1.96947
74,0.10645,-0.04565,0.95435,-4.51908,-43.40458,2.06107
75,0.10205,-0.05347,0.95581,-4.70229,-43.34351,2.06107
76,0.09766,-0.04639,0.95898,-4.38168,-43.32824,2.10687
77,0.09790,-0.04321,0.95825,-4.47328,-43.35878,2.09160
78,0.10596,-0.04175,0.95312,-4.53435,-43.32824,1.92366
79,0.10840,-0.05078,0.94678,-4.61069,-43.31298,1.67939
80,0.10400,-0.05225,0.95361,-4.62595,-43.43512,1.84733
81,0.10205,-0.04565,0.95190,-4.70229,-43.32824,2.10687
82,0.10669,-0.04175,0.95264,-4.48855,-43.38931,1.95420
83,0.10010,-0.05225,0.95581,-4.64122,-43.16031,1.78626
84,0.11133,-0.04980,0.95508,-4.67176,-43.45038,1.89313
85,0.11279,-0.04272,0.95801,-4.67176,-43.16031,2.24427
86,0.10132,-0.04932,0.95386,-4.42748,-43.14504,1.58779
87,0.10352,-0.04956,0.94360,-4.73282,-43.28244,2.12214
88,0.10815,-0.04590,0.95581,-4.51908,-43.11450,1.95420
89,0.10083,-0.04736,0.96191,-4.58015,-43.32824,1.83206
90,0.10815,-0.04785,0.95898,-4.50382,-43.32824,1.89313
91,0.10083,-0.04785,0.95337,-4.74809,-43.31298,2.41221
92,0.10474,-0.05225,0.96167,-4.53435,-43.41985,1.52672
93,0.10913,-0.04492,0.95728,-4.58015,-43.16031,1.92366
94,0.10449,-0.04785,0.95142,-4.48855,-43.06870,1.81679
95,0.10254,-0.04541,0.95337,-4.67176,-43.49618,1.89313
96,0.09619,-0.05298,0.95508,-4.50382,-43.32824,1.69466
97,0.10327,-0.04614,0.95630,-4.65649,-43.22137,2.22901
98,0.09790,-0.04346,0.95361,-4.61069,-43.23664,1.66412
99,0.10327,-0.04590,0.95044,-4.58015,-43.32824,1.77099
100,0.10181,-0.04785,0.95312,-4.61069,-43.41985,1.75573
101,0.09668,-0.05078,0.95898,-4.64122,-43.37405,1.43511
102,0.10083,-0.05176,0.95483,-4.70229,-43.60305,1.77099
103,0.11133,-0.04541,0.95337,-4.71756,-43.34351,1.34351
104,0.10034,-0.04883,0.94971,-4.53435,-43.29771,2.41221
105,0.10352,-0.04883,0.95361,-4.58015,-43.35878,1.69466
106,0.11328,-0.05957,0.95459,-4.38168,-43.26717,2.15267
107,0.10889,-0.04321,0.95044,-4.68702,-43.26717,1.78626
108,0.09839,-0.04761,0.95898,-4.73282,-43.26717,1.95420
109,0.10840,-0.04346,0.95703,-4.48855,-43.19084,2.00000
110,0.10596,-0.04712,0.95337,-4.51908,-43.45038,1.57252
111,0.11450,-0.04419,0.94702,-4.53435,-43.32824,2.04580
112,0.09888,-0.04663,0.95044,-4.39695,-43.22137,1.81679
113,0.11011,-0.04395,0.94922,-4.62595,-43.29771,2.06107
114,0.10327,-0.04370,0.95508,-4.56489,-43.29771,1.66412
115,0.11035,-0.04150,0.95630,-4.73282,-43.28244,1.69466
116,0.10620,-0.04785,0.95508,-4.64122,-43.45038,2.18321
117,0.10254,-0.04565,0.95679,-4.70229,-43.46565,2.21374
118,0.09912,-0.04932,0.96021,-4.53435,-43.37405,1.57252
119,0.10059,-0.04907,0.96289,-4.68702,-43.12977,2.33588
120,0.10278,-0.04443,0.95703,-4.54962,-43.29771,2.10687
121,0.10156,-0.04053,0.95142,-4.67176,-43.23664,1.84733
122,0.10767,-0.04541,0.95312,-4.59542,-43.28244,1.84733
123,0.10059,-0.04663,0.95093,-4.45802,-43.38931,1.81679
124,0.10278,-0.04980,0.95361,-4.65649,-43.31298,2.03053
125,0.10498,-0.05005,0.95679,-4.68702,-43.40458,1.69466
126,0.10156,-0.04834,0.95166,-4.53435,-43.31298,1.90840
127,0.10547,-0.04468,0.95142,-4.73282,-43.22137,1.69466
128,0.10400,-0.04370,0.95850,-4.53435,-43.23664,2.10687
129,0.09863,-0.04614,0.95850,-4.56489,-43.25191,2.24427
130,0.10889,-0.04785,0.95850,-4.68702,-43.11450,1.84733
131,0.10840,-0.04834,0.94580,-4.54962,-43.34351,2.16794
132,0.10669,-0.04810,0.95093,-4.58015,-43.34351,1.86260
133,0.10327,-0.04834,0.96387,-4.71756,-43.28244,2.06107
134,0.11426,-0.04688,0.95508,-4.41221,-43.19084,2.04580
135,0.10571,-0.04907,0.95410,-4.67176,-43.45038,1.86260
136,0.10425,-0.05225,0.95508,-4.62595,-43.35878,2.25954
137,0.10181,-0.04907,0.95190,-4.77863,-43.29771,1.67939
138,0.10742,-0.04541,0.95142,-4.62595,-43.41985,1.78626
139,0.10278,-0.04907,0.95752,-4.54962,-43.43512,2.16794
140,0.09814,-0.04688,0.95117,-4.42748,-43.34351,1.98473
141,0.10742,-0.04077,0.95190,-4.59542,-43.40458,1.98473
142,0.10474,-0.04907,0.95117,-4.59542,-43.29771,1.93893
143,0.10205,-0.04785,0.95679,-4.45802,-43.20611,1.83206
144,0.10107,-0.04565,0.95923,-4.51908,-43.17557,1.75573
145,0.09912,-0.05127,0.95630,-4.70229,-43.35878,2.24427
146,0.11157,-0.04199,0.94629,-4.65649,-43.49618,1.84733
147,0.11011,-0.04395,0.95776,-4.53435,-43.28244,1.69466
148,0.10303,-0.04980,0.96069,-4.62595,-43.34351,2.25954
149,0.10376,-0.04712,0.95508,-4.71756,-43.17557,1.81679
150,0.11206,-0.04565,0.94775,-4.62595,-43.43512,1.60305
151,0.10376,-0.05103,0.95239,-4.53435,-43.25191,1.46565
152,0.11035,-0.05396,0.95654,-4.44275,-43.41985,1.74046
153,0.10718,-0.04395,0.95459,-4.51908,-43.29771,1.92366
154,0.10034,-0.05029,0.95801,-4.47328,-43.26717,2.27481
155,0.10767,-0.05005,0.94653,-4.68702,-43.29771,1.63359
156,0.10205,-0.04834,0.94653,-4.59542,-43.46565,1.89313
157,0.10034,-0.04736,0.95459,-4.56489,-43.32824,2.19847
158,0.11230,-0.04565,0.95654,-4.64122,-43.52672,1.89313
159,0.10181,-0.05566,0.95264,-4.71756,-43.28244,1.55725
160,0.10278,-0.04492,0.95874,-4.48855,-43.29771,2.12214
161,0.11157,-0.04883,0.95752,-4.73282,-43.37405,2.03053
162,0.10815,-0.04736,0.95972,-4.59542,-43.49618,1.78626
163,0.10278,-0.04712,0.95142,-4.39695,-43.25191,1.83206
164,0.10571,-0.04248,0.95044,-4.42748,-43.41985,1.52672
165,0.10571,-0.04297,0.95850,-4.70229,-43.29771,2.09160
166,0.10059,-0.04810,0.95825,-4.73282,-43.45038,1.95420
167,0.10938,-0.04736,0.95752,-4.56489,-43.43512,2.00000
168,0.09644,-0.04980,0.94946,-4.70229,-43.29771,1.64885
169,0.10620,-0.04639,0.95557,-4.77863,-43.48092,2.09160
170,0.11792,-0.05029,0.95215,-4.64122,-43.32824,1.57252
171,0.10352,-0.04321,0.95630,-4.76336,-43.23664,1.93893
172,0.10425,-0.04272,0.94873,-4.64122,-43.43512,2.01527
173,0.10522,-0.04761,0.94971,-4.51908,-43.29771,1.87786
174,0.09961,-0.05078,0.95459,-4.58015,-43.29771,2.04580
175,0.09961,-0.05200,0.94507,-4.59542,-43.11450,1.83206
176,0.09839,-0.05225,0.95386,-4.61069,-43.57252,1.80153
177,0.10034,-0.04419,0.97363,-4.56489,-43.46565,1.78626
178,0.09766,-0.04956,0.94800,-4.67176,-43.25191,1.75573
179,0.10278,-0.04980,0.95386,-4.42748,-43.32824,1.86260
180,0.10327,-0.05347,0.95996,-4.73282,-43.38931,1.66412
181,0.11157,-0.05127,0.94873,-4.71756,-43.26717,2.07634
182,0.09741,-0.04321,0.96094,-4.50382,-43.09924,1.61832
183,0.10571,-0.05054,0.95776,-4.54962,-43.26717,2.09160
184,0.10791,-0.04932,0.95605,-4.62595,-43.26717,1.66412
185,0.10693,-0.04492,0.94995,-4.50382,-43.29771,2.10687
186,0.10596,-0.04858,0.96313,-4.61069,-43.32824,2.42748
187,0.10107,-0.05225,0.96118,-4.74809,-43.37405,1.89313
188,0.10254,-0.04541,0.96289,-4.54962,-43.43512,1.74046
189,0.10718,-0.04053,0.94800,-4.58015,-43.32824,1.95420
190,0.11328,-0.04956,0.95654,-4.53435,-43.23664,1.74046
191,0.09985,-0.04956,0.95044,-4.51908,-43.25191,1.84733
192,0.09741,-0.05200,0.95264,-4.68702,-43.26717,1.89313
193,0.10107,-0.04443,0.95581,-4.59542,-43.34351,1.89313
194,0.10034,-0.03711,0.95947,-4.64122,-43.49618,1.61832
195,0.09937,-0.04907,0.97681,-4.76336,-43.34351,1.92366
196,0.10303,-0.04688,0.94067,-4.64122,-43.46565,2.06107
197,0.11157,-0.04565,0.99731,-4.88550,-43.31298,2.00000
198,0.10010,-0.05273,0.95605,-4.38168,-43.38931,1.90840
199,0.09985,-0.04956,0.93970,-4.48855,-43.02290,2.10687
200,0.10034,-0.04297,0.95923,-4.61069,-43.16031,1.90840
201,0.10205,-0.04492,0.94385,-4.58015,-43.49618,2.00000
202,0.10718,-0.04468,0.95264,-4.56489,-43.22137,1.69466
203,0.10425,-0.05005,0.97217,-4.61069,-43.69466,1.95420
204,0.10278,-0.04883,0.94336,-4.65649,-43.26717,2.03053
205,0.10718,-0.05298,0.94092,-4.67176,-43.14504,1.92366
206,0.10571,-0.05103,0.95581,-4.45802,-43.34351,2.04580
207,0.10571,-0.03735,0.96191,-4.67176,-43.20611,2.06107
208,0.10327,-0.04980,0.93945,-4.54962,-43.52672,1.89313
209,0.09448,-0.05298,0.95068,-4.77863,-43.26717,1.84733
210,0.11133,-0.05273,0.94751,-4.41221,-43.32824,1.61832
211,0.11572,-0.04321,0.94067,-4.85496,-43.43512,2.10687
212,0.10132,-0.05054,0.94629,-4.56489,-43.29771,2.07634
213,0.10425,-0.04858,0.95435,-4.74809,-43.16031,1.70992
214,0.10889,-0.04395,0.97437,-4.48855,-43.29771,2.10687
215,0.10645,-0.04907,0.93896,-4.53435,-43.64885,1.86260
216,0.10229,-0.04614,0.96265,-4.58015,-43.45038,1.80153
217,0.10181,-0.04346,0.95679,-4.51908,-43.17557,1.75573
218,0.10059,-0.03662,1.00488,-4.53435,-43.43512,1.60305
219,0.10889,-0.05054,0.94727,-4.59542,-43.41985,1.77099
220,0.10547,-0.04541,0.96387,-4.70229,-43.40458,1.93893
221,0.09790,-0.05029,0.97559,-4.59542,-43.29771,1.81679
222,0.10742,-0.04224,0.93164,-4.59542,-43.11450,1.95420
223,0.10498,-0.05347,0.95264,-4.67176,-43.20611,1.54198
224,0.10498,-0.04492,0.95898,-4.50382,-43.26717,1.69466
225,0.10352,-0.07104,0.94800,-4.56489,-43.43512,1.84733
226,0.09839,-0.05566,0.92871,-4.88550,-43.17557,1.43511
227,0.10815,-0.04272,0.94531,-4.77863,-43.52672,1.61832
228,0.10107,-0.04419,0.93018,-4.51908,-43.34351,2.15267
229,0.12061,-0.04736,0.93896,-4.45802,-43.45038,2.16794
230,0.11035,-0.04932,0.94116,-4.77863,-43.26717,1.58779
231,0.09961,-0.04663,0.95923,-4.51908,-43.26717,1.95420
232,0.10938,-0.04443,0.95776,-4.58015,-43.19084,1.72519
233,0.11572,-0.04443,0.95312,-4.59542,-43.40458,1.93893
234,0.11938,-0.05176,0.94238,-4.47328,-43.31298,1.51145
235,0.10400,-0.04517,0.96729,-4.85496,-43.45038,1.74046
236,0.10693,-0.05518,0.92822,-4.56489,-43.55725,2.06107
237,0.10449,-0.05322,0.94995,-4.73282,-43.23664,1.86260
238,0.10229,-0.04175,0.95728,-4.36641,-43.06870,2.16794
239,0.10425,-0.04834,0.96875,-4.64122,-43.43512,1.90840
240,0.10181,-0.05786,0.94214,-4.53435,-43.29771,1.87786
241,0.10938,-0.05420,0.93823,-4.68702,-43.34351,1.93893
242,0.10229,-0.05615,0.96460,-4.97710,-43.22137,2.10687
243,0.10205,-0.04736,0.96167,-4.73282,-43.37405,2.07634
244,0.10767,-0.05688,0.95239,-4.74809,-43.38931,1.60305
245,0.10327,-0.04785,0.95776,-4.54962,-43.26717,1.89313
246,0.11011,-0.04370,0.97119,-4.47328,-43.19084,1.74046
247,0.09668,-0.04028,0.99170,-4.70229,-43.12977,1.75573
248,0.09668,-0.05396,0.96216,-4.44275,-43.17557,1.81679
249,0.09985,-0.04614,0.96973,-4.58015,-43.14504,1.77099
250,0.10474,-0.04736,0.95947,-4.56489,-43.29771,1.96947
251,0.09912,-0.04297,0.96045,-4.67176,-43.40458,2.25954
252,0.09888,-0.05176,0.97998,-4.77863,-43.34351,1.58779
253,0.10645,-0.04858,0.94751,-4.53435,-43.49618,1.93893
254,0.10889,-0.04346,0.95898,-4.68702,-43.51145,1.63359
255,0.10767,-0.04370,0.92700,-4.79389,-43.64885,2.03053
256,0.10205,-0.05786,0.93457,-4.61069,-43.35878,1.63359
257,0.11938,-0.05054,0.96558,-4.65649,-43.28244,1.34351
258,0.10718,-0.04395,0.93970,-4.70229,-43.43512,1.89313
259,0.11011,-0.05664,0.95215,-4.50382,-43.29771,1.90840
260,0.09766,-0.04346,0.95874,-4.53435,-43.16031,1.70992
261,0.10327,-0.05151,0.96118,-4.56489,-43.17557,1.81679
262,0.11060,-0.05273,0.95654,-4.47328,-43.69466,1.66412
263,0.10059,-0.04688,0.95068,-4.71756,-43.20611,2.06107
264,0.11499,-0.04419,0.90723,-4.70229,-43.06870,2.13740
265,0.10400,-0.05615,0.94189,-4.71756,-43.25191,2.10687
266,0.09912,-0.05078,1.00366,-4.38168,-42.97710,2.04580
267,0.10229,-0.05298,0.95874,-4.64122,-43.35878,1.83206
268,0.10840,-0.04248,0.92114,-4.68702,-43.31298,2.41221
269,0.10693,-0.04443,0.95483,-4.71756,-43.32824,2.35115
270,0.08936,-0.04541,0.99268,-4.41221,-43.55725,2.01527
271,0.10718,-0.04980,0.91895,-4.79389,-43.35878,1.86260
272,0.10986,-0.04126,0.92358,-4.42748,-43.14504,2.33588
273,0.11133,-0.04639,0.94263,-4.94656,-43.38931,1.69466
274,0.08813,-0.05542,0.96826,-4.32061,-43.43512,1.81679
275,0.10376,-0.04395,0.95850,-4.29008,-42.87023,1.93893
276,0.10449,-0.04297,0.95679,-4.56489,-43.08397,1.90840
277,00.11646,-0.05420,0.93555,-4.77863,-43.80153,3.11450
278,0.11255,-0.04419,0.95459,-4.51908,-43.48092,-0.53435
279,0.11816,-0.05566,0.87305,-4.47328,-43.19084,2.06107
280,0.09424,-0.03638,0.98560,-4.87023,-43.45038,3.03817
281,0.10132,-0.04712,0.97852,-4.85496,-43.84733,0.32061
282,0.09448,-0.03809,1.01050,-4.47328,-43.23664,4.07634
283,0.11499,-0.05078,0.95752,-4.44275,-43.54198,2.29008
284,0.09546,-0.03540,1.05420,-4.70229,-43.52672,0.13740
285,0.10498,-0.05493,0.92188,-4.33588,-43.08397,4.88550
286,0.11572,-0.05249,0.93726,-5.06870,-43.75573,2.19847
287,0.11890,-0.06470,0.93384,-4.64122,-43.77099,0.03053
288,0.11572,-0.05786,0.85718,-4.80916,-43.46565,3.81679
289,0.10059,-0.01123,0.97168,-4.71756,-43.38931,3.57252
290,0.11401,-0.05811,0.90967,-4.67176,-43.52672,0.70229
291,0.10474,-0.04419,1.00000,-4.44275,-43.00763,0.33588
292,0.11572,-0.05420,0.93384,-4.83969,-43.20611,4.19847
293,0.09302,-0.05151,1.01611,-4.94656,-43.74046,1.77099
294,0.10034,-0.05005,1.04468,-4.53435,-43.45038,-0.64122
295,0.11646,-0.05786,0.92627,-4.32061,-43.74046,3.70992
296,0.08960,-0.05225,1.02295,-4.54962,-43.40458,2.10687
297,0.12207,-0.04614,0.81152,-4.56489,-43.31298,-1.57252
298,0.09888,-0.02026,0.94092,-4.59542,-43.72519,3.83206
299,0.11499,-0.05811,0.95483,-4.71756,-43.52672,2.59542
300,0.09766,-0.02515,1.04102,-4.33588,-43.22137,-0.13740
301,0.10620,-0.05249,0.91504,-4.93130,-43.93893,3.78626
302,0.10034,-0.05640,1.00781,-4.59542,-43.35878,2.12214
303,0.09839,-0.05371,0.95874,-4.16794,-42.94656,0.30534
304,0.10791,-0.05005,0.97583,-4.59542,-43.57252,3.46565
305,0.10986,-0.05640,0.94946,-4.51908,-43.75573,1.37405
306,0.10278,-0.05493,0.88403,-4.54962,-43.34351,-1.00763
307,0.09937,-0.03857,0.93384,-5.06870,-43.69466,3.81679
308,0.10303,-0.04150,0.96826,-4.62595,-43.55725,1.51145
309,0.09766,-0.05371,1.02881,-4.47328,-43.29771,0.91603
310,0.10669,-0.03760,0.90161,-4.85496,-43.32824,4.13740
311,0.10449,-0.05078,0.99976,-4.70229,-43.43512,1.37405
312,0.10083,-0.05176,0.95557,-4.18321,-42.76336,1.55725
313,0.11450,-0.04248,0.93726,-4.65649,-43.45038,3.78626
314,0.10620,-0.04590,0.97656,-5.02290,-43.78626,1.17557
315,0.10840,-0.04907,0.92017,-4.50382,-43.40458,0.61069
316,0.10376,-0.04150,0.94653,-4.77863,-43.84733,4.03053
317,0.11377,-0.05054,0.93750,-4.88550,-43.67939,0.82443
318,0.09058,-0.04150,1.06616,-4.10687,-43.17557,-1.43511
319,0.11499,-0.03149,0.90796,-4.70229,-43.60305,4.10687
320,0.10327,-0.05786,1.04272,-4.67176,-43.46565,1.09924
321,0.10400,-0.06299,0.87988,-4.27481,-42.90076,0.35115
322,0.10229,-0.03760,0.97705,-4.68702,-43.28244,4.24427
323,0.10986,-0.04590,0.96167,-4.94656,-43.95420,1.14504
324,0.07373,-0.03931,1.06421,-4.42748,-43.52672,2.29008
325,0.10278,-0.03003,0.92334,-4.58015,-43.74046,4.10687
326,0.09058,-0.05273,0.99878,-4.76336,-43.69466,0.59542
327,0.08594,-0.04858,1.02539,-4.65649,-43.43512,0.54962
328,0.10278,-0.03394,0.98853,-4.85496,-43.70992,4.07634
329,0.11035,-0.06055,0.97217,-4.80916,-43.89313,0.83969
330,0.09058,-0.06250,0.96436,-4.18321,-43.08397,-0.47328
331,0.12158,-0.04297,0.93286,-4.94656,-43.45038,3.69466
332,0.10083,-0.03955,1.04565,-4.79389,-43.48092,0.54962
333,0.06812,-0.05444,1.12231,-4.29008,-42.88550,1.26718
334,0.09668,-0.01514,0.91968,-4.64122,-43.98473,4.21374
335,0.10913,-0.04614,0.94531,-5.08397,-43.89313,0.38168
336,0.09351,-0.02808,1.01318,-4.36641,-43.38931,1.67939
337,0.09741,-0.03955,0.93433,-4.88550,-43.60305,3.83206
338,0.10742,-0.05347,0.94604,-4.87023,-43.51145,-0.25954
339,0.10083,-0.03613,1.00977,-4.29008,-42.96183,2.61069
340,0.11865,-0.05566,0.92090,-4.73282,-43.61832,2.59542
341,0.10059,-0.05298,1.03442,-4.97710,-43.55725,0.30534
342,0.08521,-0.04663,1.08740,-4.09160,-43.06870,4.70229
343,0.10205,-0.02661,0.94946,-4.56489,-43.74046,2.27481
344,0.11719,-0.04272,0.93896,-4.74809,-43.93893,-0.93130
345,0.08594,-0.03442,1.04761,-4.45802,-43.40458,2.06107
346,0.10645,-0.03296,0.90698,-4.61069,-43.86259,2.24427
347,0.09766,-0.04883,0.98486,-4.85496,-43.67939,0.67176
348,0.09399,-0.03979,1.02417,-4.64122,-43.67939,5.05344
349,0.10596,-0.04321,0.97070,-4.59542,-43.60305,0.79389
350,0.10474,-0.04834,0.97583,-4.91603,-43.57252,0.87023
351,0.11890,-0.06323,0.88232,-4.53435,-43.05344,2.09160
352,0.08301,-0.02100,0.94507,-4.80916,-43.49618,0.35115
353,0.11182,-0.05835,0.90454,-4.97710,-43.54198,2.03053
354,0.09082,-0.04834,1.00928,-4.59542,-43.12977,5.05344
355,0.11157,-0.04907,0.90698,-4.97710,-43.86259,0.03053
356,0.09619,-0.03809,0.97876,-4.83969,-44.01527,2.51908
357,0.09351,-0.03613,1.02612,-4.47328,-43.23664,2.07634
358,0.10474,-0.06543,0.90283,-4.77863,-43.55725,0.24427
359,0.10425,-0.04956,0.95996,-4.88550,-43.61832,4.33588
360,0.09399,-0.05908,0.96704,-4.61069,-43.64885,2.56489
361,0.09473,-0.04932,0.95410,-4.68702,-43.95420,0.58015
362,0.09766,-0.03564,0.96851,-5.11450,-43.60305,3.77099
363,0.10327,-0.05518,0.91919,-4.82443,-43.64885,-0.06107
364,0.08740,-0.02612,0.99341,-4.18321,-43.32824,0.70229
365,0.10962,-0.05444,0.93848,-5.00763,-43.77099,3.95420
366,0.09253,-0.04150,1.06006,-4.24427,-43.25191,-0.51908
367,0.11938,-0.03882,0.90186,-4.39695,-43.64885,0.70229
368,0.09888,-0.05713,1.02539,-4.53435,-43.52672,4.48855
369,0.11108,-0.05298,0.90308,-4.29008,-43.66412,1.11450
370,0.09839,-0.02734,0.94067,-4.73282,-43.67939,0.67176
371,0.09082,-0.02979,0.98413,-4.85496,-43.48092,4.53435
372,0.08911,-0.05176,0.99365,-4.67176,-43.34351,2.79389
373,0.10156,-0.03906,0.90796,-4.54962,-43.70992,0.12214
374,0.09326,-0.03809,0.97705,-4.85496,-43.60305,4.19847
375,0.09253,-0.03320,1.05688,-4.22901,-43.16031,3.25191
376,0.10522,-0.04395,0.90723,-4.67176,-43.81680,0.30534
377,0.10352,-0.04883,1.00513,-5.02290,-43.63359,3.77099
378,0.10303,-0.03516,0.97485,-4.44275,-43.49618,1.45038
379,0.09009,-0.05664,0.97681,-4.36641,-43.60305,0.19847
380,0.11182,-0.04565,0.90869,-5.14504,-43.52672,3.06870
381,0.10303,-0.04004,1.05981,-4.30534,-43.12977,0.39695
382,0.10986,-0.03247,0.94165,-4.45802,-43.61832,0.18321
383,0.11328,-0.05737,0.97363,-4.91603,-43.74046,4.25954
384,0.08813,-0.03589,0.98950,-4.09160,-42.97710,1.12977
385,0.11597,-0.03833,0.90967,-4.50382,-43.35878,-0.13740
386,0.10913,-0.05444,0.99927,-4.87023,-43.66412,3.90840
387,0.10229,-0.04834,1.04126,-4.25954,-43.34351,2.06107
388,0.09790,-0.03198,0.96240,-4.12214,-43.38931,0.13740
389,0.09033,-0.04321,1.01685,-4.58015,-43.51145,4.13740
390,0.10620,-0.02368,0.99243,-4.71756,-43.63359,2.91603
391,0.10620,-0.05298,0.94604,-4.56489,-43.75573,-0.01527
392,0.09717,-0.02734,0.99609,-4.87023,-42.82443,3.61832
393,0.09229,-0.04297,1.05200,-4.41221,-43.22137,3.61832
394,0.10327,-0.03613,0.90991,-4.25954,-43.00763,-0.51908
395,0.11108,-0.04297,0.95093,-4.74809,-43.08397,3.43511
396,0.09668,-0.03296,0.99829,-4.50382,-43.77099,2.47328
397,0.09180,-0.03735,0.99976,-4.48855,-43.19084,-0.50382
398,0.10889,-0.04883,0.96509,-4.48855,-43.26717,3.48092
399,0.09033,-0.04907,1.05664,-4.53435,-43.37405,1.11450
400,0.09766,-0.03320,0.93652,-4.41221,-43.46565,-0.07634
401,0.11230,-0.05762,0.95728,-5.02290,-43.55725,4.32061
402,0.09326,-0.04712,0.98486,-4.45802,-43.32824,2.64122
403,0.10498,-0.03540,0.94995,-4.71756,-43.81680,-0.06107
404,0.10400,-0.05420,0.99731,-4.87023,-43.49618,3.92366
405,0.07251,-0.02905,1.07617,-4.41221,-43.37405,3.38931
406,0.08008,-0.03809,0.95068,-4.68702,-43.49618,-0.10687
407,0.10889,-0.04736,0.92676,-4.94656,-43.29771,3.70992
408,0.08911,-0.06030,1.04565,-4.50382,-43.26717,4.19847
409,0.09644,-0.03149,0.91162,-4.32061,-43.43512,-0.16794
410,0.10425,-0.05151,0.96655,-4.87023,-43.70992,2.73282
411,0.08911,-0.06030,1.00000,-4.24427,-43.45038,5.00763
412,0.10449,-0.02173,0.92383,-4.47328,-43.20611,0.29008
413,0.11646,-0.05859,0.93237,-4.68702,-43.43512,1.75573
414,0.07739,-0.03882,1.09424,-4.53435,-42.96183,4.68702
415,0.08008,-0.01782,0.95166,-4.96183,-43.63359,1.20611
416,0.10742,-0.04663,0.94727,-4.96183,-43.40458,0.15267
417,0.09326,-0.06836,1.01074,-4.45802,-43.75573,3.43511
418,0.08887,-0.03198,0.96021,-4.01527,-43.16031,2.24427
419,0.10938,-0.05444,0.97192,-4.70229,-43.51145,0.35115
420,0.09424,-0.03174,1.01880,-4.25954,-43.11450,3.60305
421,0.10767,-0.06030,0.90479,-4.54962,-43.77099,2.65649
422,0.10303,-0.04980,1.00977,-4.65649,-43.49618,0.12214
423,0.09399,-0.04834,1.08667,-4.10687,-42.96183,4.67176
424,0.09204,-0.02710,0.95312,-4.50382,-43.89313,2.58015
425,0.10889,-0.04565,0.91821,-4.90076,-43.95420,-0.54962
426,0.08472,-0.04004,1.06323,-4.24427,-43.19084,3.12977
427,0.10815,-0.04443,0.90088,-4.12214,-43.49618,2.42748
428,0.10669,-0.04468,0.99438,-4.83969,-43.81680,-0.68702
429,0.09595,-0.03711,1.01831,-4.48855,-43.35878,2.54962
430,0.10181,-0.03101,0.98877,-4.41221,-43.37405,3.25191
431,0.10938,-0.04639,0.96069,-4.71756,-43.35878,0.10687
432,0.10620,-0.04077,0.95703,-4.62595,-43.38931,2.61069
433,0.08521,-0.03320,0.97559,-4.36641,-43.64885,4.33588
434,0.11157,-0.04370,0.90649,-5.02290,-43.60305,1.25191
435,0.07471,-0.04980,1.10059,-4.04580,-43.14504,0.74809
436,0.09766,-0.01392,0.95068,-4.71756,-43.49618,3.96947
437,0.11328,-0.05176,0.95654,-4.88550,-43.60305,2.22901
438,0.10596,-0.03394,0.95996,-4.76336,-43.58779,-1.25191
439,0.11548,-0.06104,0.94507,-4.42748,-43.81680,2.19847
440,0.09106,-0.04395,1.03687,-4.68702,-43.84733,3.34351
441,0.10620,-0.05054,0.91260,-4.70229,-43.61832,-0.88550
442,0.09424,-0.03882,1.00024,-4.39695,-43.40458,1.95420
443,0.09985,-0.04370,0.90771,-5.03817,-43.52672,4.10687
444,0.07642,-0.03882,1.10962,-4.13740,-42.93130,-0.83969
445,0.10083,-0.02441,0.92065,-4.47328,-43.70992,0.85496
446,0.11328,-0.05591,0.97363,-4.94656,-43.67939,4.85496
447,0.08789,-0.04150,1.01514,-4.25954,-43.17557,0.70229
448,0.10400,-0.04346,0.95435,-4.50382,-43.49618,1.29771
449,0.10034,-0.05518,0.96948,-4.82443,-43.55725,4.12214
450,0.10913,-0.04004,0.93384,-4.44275,-43.70992,1.46565
451,0.09351,-0.03003,0.99048,-4.45802,-43.63359,1.43511
452,0.12085,-0.04590,0.89502,-4.96183,-43.32824,4.16794
453,0.09961,-0.04858,1.01782,-4.67176,-43.52672,1.17557
454,0.09351,-0.03198,0.93555,-4.51908,-43.40458,0.90076
455,0.10425,-0.04272,0.96191,-4.45802,-43.51145,3.90840
456,0.08911,-0.05981,1.01611,-4.25954,-43.31298,1.66412
457,0.10620,-0.04028,0.91406,-4.47328,-43.16031,0.07634
458,0.11328,-0.04907,0.92505,-4.74809,-42.71756,3.86260
459,0.11304,-0.05762,0.92871,-4.93130,-43.64885,1.41985
460,0.09229,-0.03516,1.01831,-4.50382,-43.11450,-0.21374
461,0.10498,-0.03711,0.91675,-4.88550,-43.34351,3.61832
462,0.09302,-0.04639,1.02563,-4.56489,-43.58779,0.99237
463,0.09546,-0.03394,0.96533,-4.44275,-43.81680,-0.01527
464,0.11011,-0.05005,0.94800,-5.06870,-43.70992,3.93893
465,0.08838,-0.01855,1.04468,-3.86260,-43.08397,1.31298
466,0.10400,-0.04907,0.88379,-4.29008,-43.25191,0.16794
467,0.10278,-0.04736,0.97729,-4.97710,-43.49618,4.30534
468,0.09668,-0.04614,0.99951,-4.38168,-43.43512,2.29008
469,0.09985,-0.03369,0.95508,-4.58015,-43.49618,0.07634
470,0.09644,-0.03296,0.99268,-4.50382,-43.35878,4.19847
471,0.08691,-0.03296,1.00562,-4.70229,-43.81680,2.61069
472,0.09277,-0.02490,0.96191,-4.79389,-43.93893,0.15267
473,0.10962,-0.05225,0.93677,-4.97710,-43.48092,3.22137
474,0.08740,-0.06641,1.01904,-4.13740,-43.08397,4.01527
475,0.10547,-0.00952,0.96533,-4.48855,-42.93130,-0.32061
476,0.11914,-0.05640,0.92725,-5.00763,-43.40458,2.68702
477,0.10791,-0.05640,0.94653,-4.65649,-43.54198,4.27481
478,0.08252,-0.05371,0.98804,-4.35115,-42.88550,0.94656
479,0.11353,-0.04761,0.90576,-4.79389,-43.11450,1.26718
480,0.09619,-0.03394,1.06396,-4.64122,-43.58779,3.90840
481,0.09839,-0.04712,0.93530,-4.91603,-43.51145,1.63359
482,0.10645,-0.04395,0.95874,-4.96183,-43.61832,0.47328
483,0.07690,-0.05103,1.07031,-4.39695,-43.45038,3.49618
484,0.10400,-0.01904,0.91504,-4.47328,-43.41985,2.51908
485,0.09912,-0.06201,0.98242,-5.02290,-43.63359,-0.13740
486,0.08643,-0.03711,1.04199,-4.48855,-43.35878,2.64122
487,0.08716,-0.03027,0.96533,-4.82443,-43.29771,3.08397
488,0.10498,-0.04517,0.91479,-4.97710,-43.52672,-0.15267
489,0.07373,-0.03467,1.07471,-4.54962,-43.34351,2.64122
490,0.08569,-0.01660,0.96875,-4.91603,-43.22137,3.78626
491,0.10840,-0.05298,0.89893,-4.79389,-43.80153,0.51908
492,0.07837,-0.05493,1.00049,-4.65649,-43.69466,2.67176
493,0.10229,-0.01221,0.98047,-4.73282,-43.83206,3.72519
494,0.10840,-0.04858,0.96973,-4.94656,-43.41985,0.41221
495,0.09741,-0.03638,0.98755,-4.76336,-43.29771,2.44275
496,0.09570,-0.04346,0.99438,-4.25954,-43.14504,4.03053
497,0.11475,-0.05762,0.91650,-4.65649,-43.26717,0.71756
498,0.09888,-0.04736,1.02148,-4.79389,-43.31298,2.30534
499,0.08813,-0.03198,0.97485,-4.59542,-43.31298,4.22901
500,0.10913,-0.05518,0.94263,-4.51908,-43.51145,0.04580
501,0.09692,-0.04810,0.98218,-4.30534,-43.57252,0.85496
502,0.10986,-0.04980,0.93408,-4.74809,-43.51145,4.01527
503,0.09521,-0.04346,0.97974,-5.09924,-43.32824,0.38168
504,0.10498,-0.04810,0.92969,-4.80916,-43.93893,0.03053
505,0.08472,-0.03003,1.03784,-4.29008,-43.63359,3.72519
506,0.10815,-0.04956,0.92627,-4.85496,-43.32824,0.76336
507,0.09497,-0.04102,1.06104,-4.22901,-43.25191,0.99237
508,0.10449,-0.03271,0.93335,-4.61069,-43.35878,4.09160
509,0.11377,-0.04541,0.96338,-4.83969,-43.46565,0.65649
510,0.08301,-0.04199,0.99194,-4.30534,-43.52672,1.98473
511,0.08838,-0.02832,0.99121,-4.93130,-43.12977,4.10687
512,0.11328,-0.04956,0.91479,-4.62595,-43.31298,0.97710
513,0.09717,-0.04688,0.99609,-4.51908,-43.70992,1.63359
514,0.08130,-0.02466,1.01880,-4.36641,-43.69466,4.21374
515,0.10791,-0.06201,0.92627,-4.87023,-43.55725,1.84733
516,0.09302,-0.05298,1.03101,-4.09160,-43.49618,0.22901
517,0.09155,-0.03052,0.96167,-4.47328,-42.71756,3.22137
518,0.11401,-0.04443,0.91553,-4.65649,-43.41985,3.05344
519,0.08667,-0.05981,1.00806,-4.35115,-42.99237,-1.20611
520,0.11890,-0.04858,0.87939,-4.50382,-43.25191,1.23664
521,0.10669,-0.03906,0.98145,-4.76336,-43.23664,3.92366
522,0.09839,-0.05688,0.92847,-4.79389,-43.64885,-0.04580
523,0.07251,-0.02417,1.01562,-4.61069,-43.57252,0.22901
524,0.11621,-0.04688,0.88745,-5.35878,-43.90840,3.78626
525,0.10132,-0.05737,1.04346,-4.51908,-43.34351,1.02290
526,0.10449,-0.05103,0.94360,-4.30534,-43.16031,-0.07634
527,0.11230,-0.04272,0.94604,-4.97710,-43.57252,3.26718
528,0.10522,-0.03296,1.04419,-4.36641,-43.43512,3.77099
529,0.11890,-0.05029,0.92627,-4.59542,-43.55725,0.09160
530,0.11377,-0.03687,0.89917,-4.85496,-43.41985,2.18321
531,0.08398,-0.05444,1.08081,-4.18321,-43.32824,4.76336
532,0.08130,-0.03955,0.97778,-4.47328,-43.60305,1.08397
533,0.11597,-0.04736,0.90601,-5.19084,-43.84733,1.00763
534,0.08960,-0.04736,1.08887,-4.45802,-43.55725,4.50382
535,0.09521,-0.02856,0.96558,-4.53435,-43.11450,1.78626
536,0.11011,-0.04956,0.96484,-4.79389,-43.40458,0.12214
537,0.08716,-0.05151,0.99854,-4.24427,-43.19084,3.72519
538,0.10889,-0.04395,0.88916,-4.39695,-42.93130,3.31298
539,0.10449,-0.04517,0.89404,-4.83969,-43.51145,0.01527
540,0.09106,-0.04785,1.05542,-4.54962,-43.37405,3.08397
541,0.08667,-0.02197,0.95923,-4.67176,-43.40458,3.83206
542,0.09595,-0.04126,0.99292,-4.83969,-43.63359,0.04580
543,0.08545,-0.02856,1.04102,-4.42748,-43.23664,2.59542
544,0.09521,-0.05176,0.93115,-4.41221,-42.87023,3.80153
545,0.10400,-0.05713,0.93750,-4.74809,-43.14504,0.65649
546,0.09302,-0.03540,1.04077,-4.62595,-43.22137,2.44275
547,0.11499,-0.04980,0.90479,-4.64122,-43.87786,4.10687
548,0.09888,-0.03906,0.90674,-4.94656,-43.46565,0.27481
549,0.08472,-0.06226,1.02856,-4.67176,-43.55725,1.87786
550,0.07861,-0.02808,1.00122,-4.36641,-43.86259,4.15267
551,0.10767,-0.04395,0.93384,-5.23664,-43.38931,-0.27481
552,0.09766,-0.04932,0.98340,-4.39695,-43.37405,1.00763
553,0.09741,-0.03857,0.98413,-4.85496,-43.37405,3.29771
554,0.10303,-0.06567,0.93994,-4.88550,-43.52672,0.45802
555,0.09497,-0.03809,1.02148,-4.48855,-43.35878,2.41221
556,0.10425,-0.03174,0.94092,-4.54962,-43.38931,3.51145
557,0.10693,-0.04883,0.94067,-4.67176,-43.02290,0.27481
558,0.10376,-0.03857,0.94995,-4.77863,-43.34351,2.79389
559,0.08350,-0.02515,1.00903,-4.48855,-43.43512,3.57252
560,0.10474,-0.04736,0.95117,-4.91603,-43.28244,-0.15267
561,0.09326,-0.05249,1.00122,-4.53435,-43.74046,2.48855
562,0.09595,-0.04590,0.94434,-4.45802,-43.17557,4.09160
563,0.09888,-0.03662,0.98096,-4.54962,-43.19084,-0.13740
564,0.08740,-0.03931,1.00830,-4.42748,-43.34351,1.09924
565,0.10791,-0.06104,0.91528,-4.56489,-43.05344,4.25954
566,0.11841,-0.04541,0.90674,-4.73282,-43.51145,0.16794
567,0.10742,-0.04053,0.97144,-4.82443,-43.60305,1.09924
568,0.07886,-0.03491,0.97974,-4.68702,-43.77099,4.06107
569,0.10864,-0.04224,0.92139,-4.88550,-43.52672,0.62595
570,0.08130,-0.05566,1.07300,-4.54962,-43.48092,1.90840
571,0.09717,-0.01660,0.97437,-4.79389,-43.28244,3.83206
572,0.10840,-0.05273,0.92749,-4.97710,-43.52672,0.79389
573,0.08813,-0.02979,1.05713,-4.33588,-42.91603,1.11450
574,0.10913,-0.04321,0.89624,-4.27481,-42.90076,3.81679
575,0.10962,-0.05225,0.98901,-4.96183,-43.52672,1.52672
576,0.09253,-0.02466,1.03296,-4.45802,-43.34351,0.38168
577,0.09424,-0.02881,0.94214,-4.73282,-43.43512,3.70992
578,0.09595,-0.04688,0.97363,-4.58015,-43.29771,2.53435
579,0.08496,-0.04614,1.02979,-4.70229,-43.66412,-0.41221
580,0.09131,-0.03198,0.93359,-4.30534,-42.97710,2.30534
581,0.11255,-0.04858,0.93335,-5.00763,-43.28244,3.11450
582,0.09277,-0.05396,1.04297,-4.36641,-43.28244,-0.61069
583,0.11182,-0.04688,0.89697,-4.27481,-43.38931,1.31298
584,0.10718,-0.03809,1.02051,-5.09924,-43.69466,4.04580
585,0.08618,-0.04419,1.06201,-4.29008,-43.22137,0.15267
586,0.07593,-0.02197,0.98853,-4.88550,-43.49618,0.64122
587,0.10474,-0.04297,0.92383,-4.88550,-43.78626,3.66412
588,0.09985,-0.04419,1.02783,-4.67176,-43.80153,0.45802
589,0.09082,-0.05176,0.95850,-4.42748,-42.99237,0.30534
590,0.10327,-0.04102,0.96680,-4.82443,-42.99237,4.33588
591,0.10132,-0.05591,1.04468,-4.76336,-43.46565,1.22137
592,0.11230,-0.06421,0.89990,-4.56489,-43.05344,0.01527
593,0.10010,-0.03735,1.00269,-5.08397,-43.46565,4.12214
594,0.09473,-0.04565,0.99487,-4.59542,-43.64885,2.39695
595,0.07617,-0.04102,1.00806,-4.58015,-43.66412,-0.01527
596,0.10669,-0.04297,0.90381,-4.87023,-43.84733,3.84733
597,0.08472,-0.03442,1.09204,-4.58015,-43.45038,3.00763
598,0.09326,-0.04346,0.92529,-4.79389,-43.49618,-0.27481
599,0.10352,-0.04517,0.99878,-4.99237,-43.55725,3.55725
600,0.09375,-0.02710,1.03174,-4.33588,-43.35878,2.54962
601,0.10767,-0.04102,0.95654,-4.33588,-43.37405,0.04580
602,0.11328,-0.05762,0.96167,-4.93130,-43.55725,3.60305
603,0.10645,-0.04688,0.96045,-4.73282,-43.69466,2.06107
604,0.06982,-0.03491,1.01514,-4.33588,-42.85496,-0.33588
605,0.09766,-0.03540,0.97021,-4.62595,-43.46565,3.17557
606,0.07324,-0.03394,1.08887,-4.64122,-43.41985,1.72519
607,0.08716,-0.03076,0.94897,-4.53435,-43.16031,-0.48855
608,0.11523,-0.06030,0.93164,-4.77863,-43.43512,2.85496
609,0.09204,-0.03564,0.97949,-4.62595,-43.81680,2.90076
610,0.09741,-0.03467,0.98511,-4.64122,-43.28244,-0.09160
611,0.11011,-0.05835,0.93555,-4.71756,-43.41985,1.58779
612,0.09937,-0.04932,0.99902,-4.42748,-43.41985,3.77099
613,0.08911,-0.03564,0.99756,-4.51908,-43.40458,1.38931
614,0.10889,-0.03809,0.91797,-5.09924,-43.48092,0.76336
615,0.07471,-0.03711,1.09375,-4.12214,-43.28244,3.11450
616,0.09131,-0.04102,0.92090,-4.42748,-43.67939,3.61832
617,0.10400,-0.05151,0.97363,-5.19084,-43.72519,0.06107
618,0.08496,-0.04150,1.03662,-4.21374,-43.29771,0.56489
619,0.11108,-0.03906,0.93164,-4.64122,-43.64885,4.01527
620,0.10303,-0.05127,1.00610,-5.02290,-43.55725,1.89313
621,0.09253,-0.03540,1.02539,-4.38168,-43.58779,-0.32061
622,0.09985,-0.03174,0.95166,-4.54962,-43.14504,2.70229
623,0.11133,-0.05225,0.88232,-4.87023,-43.34351,4.01527
624,0.08911,-0.05151,1.02930,-4.68702,-43.45038,0.71756
625,0.07617,-0.03101,0.96826,-4.71756,-43.28244,1.46565
626,0.11157,-0.04712,0.92651,-4.80916,-43.45038,4.56489
627,0.08325,-0.04980,1.05444,-4.47328,-43.54198,1.32824
628,0.09082,-0.04688,0.92334,-4.30534,-43.09924,-0.33588
629,0.11572,-0.04443,0.95044,-4.59542,-42.87023,3.46565
630,0.09985,-0.04297,0.97363,-4.77863,-43.34351,1.60305
631,0.08789,-0.04248,0.99536,-4.68702,-43.38931,-0.48855
632,0.10669,-0.04639,0.91431,-4.82443,-43.40458,2.94656
633,0.09570,-0.05225,1.04639,-4.53435,-43.61832,2.33588
634,0.09473,-0.03760,0.95312,-4.41221,-43.41985,-0.41221
635,0.09497,-0.04712,0.95093,-4.83969,-43.63359,2.83969
636,0.08301,-0.03174,1.05151,-4.33588,-43.14504,3.64885
637,0.09961,-0.02930,0.88745,-4.56489,-43.40458,-0.07634
638,0.10327,-0.04785,0.97852,-4.97710,-43.38931,2.42748
639,0.09790,-0.03931,0.99976,-4.54962,-43.54198,3.66412
640,0.09668,-0.02954,0.98975,-4.16794,-42.94656,-0.01527
641,0.10400,-0.05249,0.92041,-4.77863,-43.52672,2.51908
642,0.09326,-0.06714,1.05688,-4.51908,-43.45038,4.19847
643,0.09131,-0.02173,0.95435,-4.79389,-42.87023,0.07634
644,0.09692,-0.03149,0.94409,-4.80916,-43.16031,2.73282
645,0.07788,-0.03564,1.06396,-4.79389,-43.55725,1.95420
646,0.09521,-0.04443,0.91724,-4.62595,-43.37405,-0.64122
647,0.10596,-0.05249,0.97852,-4.50382,-43.43512,2.88550
648,0.09570,-0.03564,0.98730,-4.50382,-44.04580,3.55725
649,0.08716,-0.06274,1.00122,-4.48855,-42.74809,-0.24427
650,0.10767,-0.04688,0.95850,-4.44275,-42.85496,3.17557
651,0.10571,-0.06421,1.04199,-4.56489,-43.37405,2.87023
652,0.09131,-0.03687,0.94995,-4.65649,-42.94656,-0.13740
653,0.10742,-0.04077,0.94434,-4.85496,-43.45038,3.49618
654,0.08643,-0.03418,1.05981,-4.61069,-43.46565,1.00763
655,0.10474,-0.03247,0.92969,-4.51908,-43.72519,-0.06107
656,0.10767,-0.05762,0.97827,-4.99237,-43.93893,4.10687
657,0.09546,-0.04419,1.02686,-4.39695,-43.43512,2.00000
658,0.08398,-0.03223,0.99219,-5.12977,-43.58779,0.56489
659,0.10791,-0.05078,0.92627,-5.08397,-43.57252,4.18321
660,0.09741,-0.03711,1.06006,-4.48855,-43.45038,1.08397
661,0.09399,-0.03247,0.96948,-4.71756,-42.91603,0.27481
662,0.08716,-0.04126,0.97925,-4.61069,-42.87023,4.30534
663,0.08936,-0.05103,1.02222,-4.77863,-43.48092,0.44275
664,0.11426,-0.03662,0.88110,-4.44275,-43.22137,0.19847
665,0.09668,-0.03247,1.00684,-4.96183,-43.26717,3.75573
666,0.10742,-0.04443,0.94043,-4.87023,-43.89313,1.16031
667,0.07983,-0.02808,1.02441,-4.54962,-43.43512,0.12214
668,0.12329,-0.05151,0.89062,-4.85496,-43.51145,3.22137
669,0.10010,-0.02734,0.99292,-4.65649,-43.77099,2.64122
670,0.09131,-0.04541,0.99951,-4.54962,-42.91603,-0.41221
671,0.11523,-0.05518,0.94019,-4.38168,-42.88550,1.90840
672,0.08740,-0.04834,1.06714,-4.47328,-43.22137,3.93893
673,0.10254,-0.01855,0.94556,-4.71756,-43.00763,0.71756
674,0.11670,-0.05371,0.92920,-4.77863,-43.34351,1.29771
675,0.10034,-0.05054,1.01343,-4.09160,-43.34351,4.21374
676,0.07349,-0.03418,1.00269,-4.61069,-43.32824,2.35115
677,0.09595,-0.04980,0.94360,-4.94656,-43.41985,0.22901
678,0.08545,-0.06274,1.03125,-4.94656,-43.92366,2.94656
679,0.08496,-0.03613,0.96704,-4.65649,-43.48092,3.58779
680,0.10767,-0.04834,0.95776,-5.09924,-43.63359,0.01527
681,0.09863,-0.03735,1.01660,-4.61069,-43.40458,0.38168
682,0.10571,-0.06421,0.93823,-4.56489,-43.16031,3.90840
683,0.09448,-0.04150,0.98877,-4.70229,-43.08397,1.96947
684,0.10327,-0.02856,0.96021,-4.67176,-43.67939,-0.47328
685,0.09106,-0.02637,0.96631,-4.99237,-43.40458,2.94656
686,0.11230,-0.05688,0.87866,-4.80916,-43.67939,3.54198
687,0.08984,-0.05469,1.04810,-4.71756,-43.66412,0.21374
688,0.09448,-0.02466,0.96289,-4.65649,-43.06870,1.31298
689,0.11963,-0.04858,0.89722,-5.00763,-43.29771,4.67176
690,0.09229,-0.03882,1.04639,-4.61069,-43.45038,1.23664
691,0.10498,-0.03638,0.93579,-4.41221,-43.05344,0.76336
692,0.10864,-0.05688,0.98389,-4.83969,-43.14504,4.47328
693,0.10986,-0.05054,0.94824,-4.30534,-43.52672,1.34351
694,0.08545,-0.03516,1.00977,-4.48855,-43.17557,0.90076
695,0.10913,-0.04419,0.91968,-5.02290,-43.26717,3.74046
696,0.08618,-0.04004,0.93652,-4.93130,-43.70992,-0.27481
697,0.08423,-0.04175,0.96997,-4.94656,-43.55725,1.37405
698,0.10278,-0.04541,0.93140,-5.03817,-43.60305,3.93893
699,0.08643,-0.04980,1.07202,-4.68702,-43.75573,0.21374
700,0.10571,-0.04492,0.90015,-4.33588,-43.54198,2.19847
701,0.11133,-0.05444,0.99731,-5.14504,-43.69466,3.48092
702,0.09814,-0.05518,0.96704,-4.33588,-43.40458,-0.38168
703,0.09180,-0.03003,0.99512,-4.44275,-43.25191,2.33588
704,0.09692,-0.04370,0.99243,-4.80916,-42.87023,3.14504
705,0.09912,-0.03174,0.93555,-4.80916,-43.28244,-0.25954
706,0.08521,-0.02222,0.97144,-4.99237,-43.38931,2.50382
707,0.10742,-0.04614,0.89404,-4.93130,-43.48092,2.80916
708,0.08838,-0.06519,1.03882,-4.62595,-43.66412,-0.01527
709,0.10010,-0.01392,0.96118,-4.58015,-42.71756,2.90076
710,0.10840,-0.04688,0.92920,-4.64122,-43.02290,3.52672
711,0.10840,-0.05029,0.92383,-4.90076,-43.52672,-0.06107
712,0.08813,-0.04297,1.01514,-4.35115,-42.73283,1.49618
713,0.10718,-0.04150,0.92163,-4.87023,-43.22137,4.00000
714,0.09546,-0.03101,1.03955,-4.51908,-43.28244,0.71756
715,0.08887,-0.04346,0.96899,-4.87023,-43.08397,0.25954
716,0.11963,-0.03442,0.89868,-4.83969,-43.75573,3.78626
717,0.08789,-0.04224,1.10522,-4.67176,-43.80153,2.27481
718,0.10352,-0.01270,0.92969,-4.79389,-43.11450,-0.12214
719,0.11011,-0.05811,0.92627,-4.62595,-42.99237,2.21374
720,0.10327,-0.07007,0.94556,-4.48855,-43.63359,4.00000
721,0.08691,-0.03857,1.02710,-4.58015,-43.29771,1.66412
722,0.10547,-0.04346,0.89502,-4.99237,-43.86259,-0.33588
723,0.10889,-0.03711,1.03271,-4.59542,-43.51145,2.91603
724,0.09937,-0.03540,0.95337,-4.42748,-43.48092,3.58779
725,0.09253,-0.03101,1.03174,-5.02290,-42.97710,-0.22901
726,0.08521,-0.04370,1.00122,-4.87023,-43.66412,0.99237
727,0.10889,-0.04248,0.93140,-4.88550,-43.67939,4.42748
728,0.10498,-0.06128,0.93799,-5.05344,-43.83206,1.37405
729,0.09985,-0.03857,0.95801,-4.74809,-43.77099,0.07634
730,0.08252,-0.04272,1.02051,-4.33588,-43.05344,3.57252
731,0.10205,-0.04663,0.93555,-4.59542,-43.12977,3.09924
732,0.10474,-0.04736,1.01807,-4.48855,-43.46565,0.29008
733,0.08789,-0.05029,0.97754,-4.45802,-42.82443,2.35115
734,0.11206,-0.05273,0.94922,-4.32061,-42.97710,4.13740
735,0.08276,-0.04468,1.05103,-4.45802,-43.40458,-0.09160
736,0.10254,-0.03027,0.91284,-4.56489,-42.93130,1.58779
737,0.10913,-0.05005,0.94507,-4.85496,-43.29771,4.38168
738,0.09204,-0.05640,0.96606,-5.17557,-43.69466,1.22137
739,0.07983,-0.04541,1.03784,-4.82443,-42.88550,0.76336
740,0.08057,-0.04053,0.99121,-4.74809,-43.31298,4.67176
741,0.09839,-0.05176,1.03320,-4.21374,-43.29771,1.46565
742,0.08545,-0.05396,0.95215,-4.30534,-43.02290,0.82443
743,0.10156,-0.04224,0.99097,-4.80916,-43.40458,4.21374
744,0.10474,-0.03076,1.00293,-4.74809,-43.48092,0.16794
745,0.11035,-0.05078,0.92285,-4.70229,-43.69466,1.32824
746,0.09888,-0.03979,0.97266,-4.87023,-43.67939,3.54198
747,0.08276,-0.04858,0.99756,-4.61069,-43.55725,0.22901
748,0.07471,-0.01807,1.03735,-4.50382,-43.14504,1.86260
749,0.10083,-0.04565,0.96265,-5.03817,-43.20611,4.09160
750,0.09912,-0.03467,0.97217,-4.97710,-43.60305,0.12214
751,0.09180,-0.03979,0.99585,-4.29008,-42.93130,2.21374
752,0.11768,-0.04883,0.91626,-4.74809,-43.57252,3.20611
753,0.08960,-0.04272,1.08496,-4.83969,-43.51145,-0.54962
754,0.10474,-0.02661,0.92358,-4.50382,-42.93130,3.00763
755,0.11084,-0.05200,0.95386,-4.62595,-43.09924,2.44275
756,0.08105,-0.03931,1.04565,-4.79389,-43.66412,-0.19847
757,0.08594,-0.04956,1.01025,-4.88550,-43.00763,3.60305
758,0.09351,-0.04736,0.98730,-4.65649,-43.29771,1.31298
759,0.09741,-0.06104,0.94995,-5.25191,-43.95420,-0.12214
760,0.08521,-0.03540,1.02295,-4.74809,-42.85496,3.12977
761,0.11572,-0.05615,0.85376,-4.90076,-43.54198,1.92366
762,0.10791,-0.03809,1.05273,-4.35115,-43.46565,0.15267
763,0.10547,-0.02881,0.95654,-4.24427,-43.17557,3.49618
764,0.10767,-0.04419,0.98047,-5.00763,-43.64885,2.01527
765,0.08081,-0.04102,1.01099,-4.51908,-43.52672,0.06107
766,0.08228,-0.04956,0.96069,-4.82443,-42.96183,2.67176
767,0.10083,-0.04663,0.97534,-4.53435,-43.02290,3.29771
768,0.09424,-0.03687,0.98926,-4.59542,-43.61832,0.48855
769,0.08740,-0.04712,0.97461,-4.71756,-42.80916,0.94656
770,0.09985,-0.04492,0.98340,-4.56489,-42.91603,4.41221
771,0.09375,-0.05518,1.04224,-4.50382,-43.14504,1.74046
772,0.10474,-0.05103,0.89087,-4.33588,-42.80916,0.35115
773,0.09741,-0.02295,0.98877,-4.97710,-43.48092,3.64885
774,0.08691,-0.05396,1.07080,-5.11450,-43.87786,3.58779
775,0.07593,-0.03687,1.05420,-4.54962,-43.25191,0.35115
776,0.11938,-0.05151,0.87646,-4.83969,-43.57252,2.30534
777,0.09033,-0.04663,0.96411,-5.09924,-43.98473,4.51908
778,0.09790,-0.04150,1.00781,-4.65649,-43.41985,0.51908
779,0.10010,-0.05713,0.99341,-4.48855,-42.82443,0.82443
780,0.11279,-0.06616,0.92920,-4.87023,-43.75573,4.16794
781,0.09204,-0.03882,1.00049,-4.54962,-43.06870,1.43511
782,0.11450,-0.04858,0.94312,-4.74809,-43.17557,0.00000
783,0.09766,-0.03369,1.04541,-4.83969,-43.38931,3.11450
784,0.08472,-0.02856,1.04785,-4.38168,-43.23664,2.44275
785,0.10425,-0.04883,0.92090,-5.11450,-43.54198,0.06107
786,0.11304,-0.06128,0.95435,-4.68702,-43.41985,1.98473
787,0.09033,-0.02808,0.99463,-4.35115,-43.51145,3.75573
788,0.08521,-0.04102,1.01270,-4.77863,-43.19084,-0.30534
789,0.10400,-0.04858,0.93872,-5.03817,-43.78626,1.28244
790,0.08008,-0.05347,0.94995,-4.74809,-43.28244,3.69466
791,0.10889,-0.04785,0.93213,-5.00763,-43.37405,0.61069
792,0.10303,-0.05566,1.00391,-5.11450,-43.75573,0.58015
793,0.07983,-0.04492,0.99194,-4.53435,-43.28244,3.74046
794,0.10571,-0.04932,0.88403,-5.02290,-43.54198,0.73282
795,0.10278,-0.04126,0.98608,-4.65649,-43.58779,0.88550
796,0.09277,-0.01367,0.98169,-4.70229,-43.12977,3.84733
797,0.11011,-0.04297,0.90112,-4.94656,-43.49618,0.64122
798,0.10156,-0.05273,0.96509,-4.91603,-43.95420,2.06107
799,0.09033,-0.05444,0.94946,-4.53435,-43.35878,4.64122
800,0.09717,-0.04688,0.97803,-5.02290,-42.93130,0.58015
801,0.10962,-0.06030,0.98560,-5.19084,-43.92366,1.46565
802,0.10522,-0.02539,0.95972,-4.77863,-42.73283,3.40458
803,0.08350,-0.04248,0.96240,-4.50382,-43.25191,0.03053
804,0.10376,-0.04858,0.99927,-4.30534,-43.03817,1.37405
805,0.09424,-0.03052,0.99536,-4.19847,-42.91603,3.95420
806,0.10693,-0.04150,0.91431,-4.77863,-43.58779,0.45802
807,0.08350,-0.02759,1.07031,-4.32061,-43.61832,1.67939
808,0.08545,-0.02295,0.94238,-4.71756,-43.28244,3.37405
809,0.08936,-0.04810,0.97144,-4.71756,-42.99237,0.73282
810,0.09082,-0.05713,1.02539,-5.09924,-43.87786,1.38931
811,0.09399,-0.02954,0.89697,-4.45802,-42.85496,3.51145
812,0.09058,-0.05151,0.97559,-4.59542,-43.35878,1.52672
813,0.10400,-0.03296,0.96045,-4.62595,-43.70992,0.18321
814,0.09985,-0.05249,0.99976,-4.59542,-42.67176,2.94656
815,0.10352,-0.04199,0.96143,-4.68702,-42.96183,2.70229
816,0.10938,-0.03711,0.97363,-4.79389,-43.66412,0.48855
817,0.08765,-0.03491,0.98267,-4.51908,-43.25191,1.06870
818,0.10034,-0.04712,0.98608,-4.47328,-43.11450,4.15267
819,0.10156,-0.05444,0.96899,-4.85496,-43.81680,1.32824
820,0.09961,-0.05200,0.92798,-4.45802,-43.34351,0.36641
821,0.10669,-0.04492,0.98364,-4.42748,-42.96183,3.75573
822,0.11035,-0.05762,0.94360,-4.88550,-43.60305,2.61069
823,0.09619,-0.03613,1.01392,-4.54962,-42.73283,0.10687
824,0.10571,-0.05371,0.91968,-4.54962,-43.28244,3.45038
825,0.09692,-0.03516,1.00293,-4.71756,-43.26717,2.36641
826,0.10400,-0.02759,0.94604,-4.65649,-43.55725,-0.22901
827,0.10352,-0.04980,0.95996,-5.09924,-43.54198,3.28244
828,0.08667,-0.03711,1.05469,-4.68702,-43.31298,2.07634
829,0.10498,-0.03149,0.92334,-4.90076,-43.35878,-0.19847
830,0.09668,-0.04810,0.95435,-4.73282,-43.34351,3.28244
831,0.10278,-0.03711,0.96240,-4.80916,-43.93893,3.03817
832,0.08789,-0.03955,0.99707,-4.65649,-43.37405,-0.73282
833,0.11108,-0.05371,0.87598,-4.83969,-43.45038,3.06870
834,0.09229,-0.05518,1.04932,-4.70229,-43.38931,3.49618
835,0.10010,-0.02173,0.95020,-4.44275,-42.51908,-0.09160
836,0.11279,-0.04834,0.88843,-4.67176,-43.31298,3.28244
837,0.08887,-0.04712,1.07397,-4.74809,-43.69466,3.09924
838,0.08887,-0.02637,0.93848,-4.38168,-43.08397,0.06107
839,0.11035,-0.04248,0.98022,-4.35115,-43.25191,3.09924
840,0.09033,-0.03223,1.01465,-4.58015,-43.60305,3.00763
841,0.09644,-0.06787,0.96094,-4.59542,-42.88550,0.04580
842,0.08838,-0.04028,0.98877,-4.36641,-42.82443,2.15267
843,0.09131,-0.04883,1.04224,-4.58015,-43.41985,3.64885
844,0.09717,-0.04614,0.95557,-4.64122,-42.94656,0.76336
845,0.10767,-0.04248,0.94824,-4.85496,-43.69466,1.26718
846,0.09375,-0.02612,1.06104,-4.82443,-43.54198,3.78626
847,0.10059,-0.04199,0.90210,-4.22901,-43.48092,2.50382
848,0.10327,-0.04419,0.92163,-4.96183,-43.54198,-0.35115
849,0.09058,-0.03687,1.01074,-4.73282,-43.57252,2.73282
850,0.09399,-0.04907,0.96411,-5.03817,-43.09924,3.51145
851,0.08716,-0.04541,1.02344,-4.73282,-42.82443,0.44275
852,0.09424,-0.04517,1.00562,-4.56489,-43.70992,0.88550
853,0.09570,-0.02759,0.97119,-4.44275,-43.32824,3.78626
854,0.11670,-0.05664,0.90137,-4.91603,-43.29771,0.73282
855,0.09546,-0.06348,1.05298,-4.61069,-43.57252,0.00000
856,0.09302,-0.02441,0.95532,-4.51908,-42.61069,3.08397
857,0.11108,-0.04370,0.93677,-4.65649,-43.19084,3.37405
858,0.09985,-0.04346,1.00928,-4.53435,-43.43512,-0.67176
859,0.08447,-0.04688,0.99341,-4.61069,-42.99237,1.98473
860,0.10645,-0.05225,0.96436,-4.53435,-42.94656,4.30534
861,0.09839,-0.04395,0.96948,-4.51908,-43.58779,0.97710
862,0.08472,-0.05176,0.99976,-4.73282,-42.62595,0.53435
863,0.10889,-0.03247,0.87964,-4.53435,-43.35878,4.12214
864,0.09351,-0.04077,1.04956,-4.65649,-43.54198,1.77099
865,0.10400,-0.04712,0.92432,-4.65649,-43.14504,-0.16794
866,0.09790,-0.04541,0.97290,-4.93130,-43.80153,2.88550
867,0.09375,-0.05273,0.97266,-5.06870,-43.77099,2.59542
868,0.08789,-0.04443,1.02905,-4.85496,-42.88550,0.00000
869,0.10278,-0.03931,0.90479,-4.79389,-43.74046,1.60305
870,0.09082,-0.05566,1.02661,-4.50382,-43.52672,4.01527
871,0.08691,-0.03101,0.98193,-4.54962,-42.58015,1.40458
872,0.11670,-0.04907,0.93311,-4.51908,-43.20611,0.64122
873,0.08691,-0.04077,1.03491,-4.36641,-43.38931,3.81679
874,0.08643,-0.01831,0.98413,-5.03817,-43.22137,3.32824
875,0.08960,-0.04517,0.96753,-4.74809,-43.09924,0.09160
876,0.09741,-0.04102,0.93799,-5.05344,-44.10687,1.98473
877,0.07739,-0.04077,1.06006,-4.67176,-42.90076,3.49618
878,0.10669,-0.06006,0.93652,-4.68702,-43.46565,0.94656
879,0.09399,-0.03735,0.99805,-4.85496,-43.84733,0.01527
880,0.09448,-0.03979,1.00195,-4.19847,-42.83969,2.94656
881,0.09790,-0.04346,0.97900,-4.68702,-43.16031,2.90076
882,0.08911,-0.03613,1.06543,-4.61069,-43.29771,-0.50382
883,0.09863,-0.02881,0.92578,-4.56489,-42.80916,2.36641
884,0.10913,-0.04883,0.94214,-4.61069,-43.11450,3.20611
885,0.10571,-0.03809,0.95752,-4.53435,-43.57252,-0.22901
886,0.07227,-0.03369,1.03052,-4.61069,-43.12977,2.06107
887,0.10400,-0.05225,0.94824,-4.68702,-43.38931,2.97710
888,0.09814,-0.05054,0.96582,-4.96183,-44.07634,-0.35115
889,0.07739,-0.04370,1.01880,-5.00763,-43.00763,1.54198
890,0.11108,-0.04785,0.88989,-4.76336,-43.31298,3.57252
891,0.09937,-0.04517,1.05469,-4.56489,-43.45038,-0.16794
892,0.10034,-0.02588,0.95923,-4.47328,-42.77863,1.52672
893,0.11133,-0.04443,0.95093,-4.71756,-43.51145,3.80153
894,0.08545,-0.05908,0.99219,-4.39695,-43.57252,0.29008
895,0.08643,-0.04834,0.98364,-4.85496,-43.48092,1.66412
896,0.09912,-0.04834,0.95215,-4.83969,-43.48092,4.16794
897,0.09741,-0.04346,0.98779,-4.77863,-43.86259,0.68702
898,0.08521,-0.03442,1.00098,-4.77863,-43.12977,1.51145
899,0.11768,-0.05176,0.90674,-4.59542,-43.43512,4.03053
900,0.09888,-0.04175,1.00781,-4.87023,-43.87786,-0.13740
901,0.10059,-0.05786,0.92871,-4.47328,-42.90076,1.77099
902,0.12085,-0.04614,0.93555,-4.62595,-43.29771,3.41985
903,0.11133,-0.04395,0.93262,-4.82443,-43.92366,0.27481
904,0.07056,-0.00928,1.02368,-4.54962,-43.55725,3.02290
905,0.10400,-0.05005,0.97314,-4.94656,-43.86259,3.31298
906,0.10815,-0.03955,0.99023,-4.93130,-43.60305,-0.30534
907,0.09106,-0.05176,0.96777,-4.79389,-43.26717,2.85496
908,0.08911,-0.05347,0.97583,-4.24427,-42.88550,1.12977
909,0.10327,-0.06689,0.99902,-5.05344,-43.72519,1.14504
910,0.08911,-0.04150,0.93872,-4.53435,-42.76336,4.06107
911,0.10059,-0.05054,0.95605,-4.77863,-43.26717,0.58015
912,0.08813,-0.03271,1.02002,-4.73282,-43.51145,1.86260
913,0.08740,-0.05273,0.96826,-4.83969,-42.90076,3.43511
914,0.09229,-0.03955,0.96875,-4.62595,-43.41985,-0.10687
915,0.09424,-0.03442,1.02808,-5.02290,-43.43512,2.80916
916,0.08862,-0.05347,0.94800,-4.71756,-43.16031,3.08397
917,0.09229,-0.04614,0.98950,-4.59542,-43.02290,-0.33588
918,0.08691,-0.04321,1.03979,-4.74809,-43.70992,2.54962
919,0.08789,-0.02124,0.97339,-4.45802,-42.96183,3.57252
920,0.10938,-0.05371,0.93164,-4.44275,-43.37405,-0.07634
921,0.09717,-0.04761,1.03857,-4.58015,-43.66412,1.35878
922,0.06934,-0.03149,1.06470,-4.38168,-42.99237,4.32061
923,0.09033,-0.04395,0.93359,-4.91603,-43.58779,1.74046
924,0.10034,-0.03784,0.97632,-4.96183,-43.67939,0.19847
925,0.08057,-0.05176,1.02124,-4.15267,-42.85496,3.09924
926,0.10278,-0.05371,0.94678,-4.44275,-43.19084,3.02290
927,0.09302,-0.03589,1.00000,-4.64122,-43.43512,0.44275
928,0.08789,-0.04370,0.99243,-5.09924,-43.17557,0.93130
929,0.10352,-0.04297,0.91504,-4.64122,-43.11450,3.77099
930,0.08643,-0.04053,1.07324,-4.35115,-43.48092,1.31298
931,0.10791,-0.03296,0.91064,-4.33588,-42.85496,0.44275
932,0.09009,-0.04321,0.95581,-4.80916,-43.58779,3.74046
933,0.09473,-0.05127,0.99536,-4.83969,-43.72519,2.36641
934,0.07202,-0.03491,1.01807,-4.45802,-42.99237,0.16794
935,0.09985,-0.05200,0.94189,-4.90076,-43.58779,2.96183
936,0.08789,-0.04004,0.99512,-4.87023,-43.45038,3.72519
937,0.07666,-0.04199,0.98608,-5.11450,-42.87023,-0.22901
938,0.09375,-0.03979,0.98608,-4.64122,-42.93130,2.30534
939,0.09082,-0.03882,1.00562,-4.65649,-43.52672,3.84733
940,0.10400,-0.02246,0.96118,-4.64122,-42.90076,1.23664
941,0.09814,-0.04956,0.94067,-4.67176,-43.66412,0.73282
942,0.10864,-0.03882,0.91357,-4.70229,-43.46565,3.41985
943,0.08862,-0.01123,1.00586,-4.65649,-43.02290,2.93130
944,0.10327,-0.04810,0.91260,-5.03817,-43.51145,-0.45802
945,0.10132,-0.04614,0.99292,-4.93130,-43.77099,1.64885
946,0.08911,-0.04956,0.98853,-4.42748,-42.99237,3.48092
947,0.10767,-0.05396,0.96338,-4.48855,-43.03817,0.22901
948,0.10059,-0.05811,0.95776,-4.70229,-43.48092,0.82443
949,0.09448,-0.05762,0.97217,-4.85496,-43.00763,4.06107
950,0.11328,-0.05347,0.92554,-4.83969,-43.28244,0.80916
951,0.09985,-0.05029,0.93066,-4.70229,-43.60305,0.00000
952,0.08081,-0.02856,1.01147,-4.42748,-43.35878,3.69466
953,0.10645,-0.04053,0.91797,-4.90076,-43.70992,0.99237
954,0.08008,-0.04932,1.06421,-4.82443,-43.55725,0.41221
955,0.09253,-0.02856,0.96729,-4.62595,-43.20611,3.64885
956,0.09595,-0.04590,0.99756,-4.67176,-43.17557,1.05344
957,0.09668,-0.03540,1.00732,-5.09924,-43.63359,0.85496
958,0.09790,-0.02783,0.99756,-4.74809,-43.14504,4.16794
959,0.10376,-0.05713,0.95703,-4.68702,-43.29771,1.19084
960,0.10889,-0.04346,0.94287,-4.74809,-43.28244,0.21374
961,0.08716,-0.03589,1.01953,-4.36641,-42.68702,3.74046
962,0.10132,-0.05591,0.91699,-4.67176,-43.80153,0.15267
963,0.08472,-0.03271,1.01831,-4.82443,-43.64885,2.16794
964,0.09644,-0.02612,0.97070,-4.61069,-43.49618,4.21374
965,0.10718,-0.05103,0.96509,-4.77863,-43.46565,-0.13740
966,0.11328,-0.05737,0.90918,-4.99237,-43.72519,2.85496
967,0.08936,-0.02441,1.03101,-4.74809,-43.12977,2.22901
968,0.10425,-0.05420,0.95972,-4.56489,-43.29771,-0.24427
969,0.10815,-0.05151,0.90771,-4.67176,-43.40458,3.60305
970,0.08862,-0.03833,1.02319,-4.38168,-42.87023,1.69466
971,0.09204,-0.04688,0.92334,-4.80916,-43.48092,0.39695
972,0.09790,-0.05298,0.98291,-4.94656,-43.54198,3.63359
973,0.07861,-0.02612,1.02173,-4.32061,-42.99237,1.57252
974,0.09814,-0.04492,0.95093,-5.03817,-43.57252,0.39695
975,0.08789,-0.04492,1.01831,-4.70229,-43.67939,4.32061
976,0.08350,-0.03247,0.97241,-4.64122,-43.06870,1.06870
977,0.09570,-0.04248,0.94922,-4.50382,-42.79389,1.25191
978,0.11572,-0.03662,0.93457,-5.03817,-43.16031,3.90840
979,0.09302,-0.03931,0.96533,-4.59542,-42.83969,0.21374
980,0.09912,-0.05493,0.89893,-4.71756,-43.28244,1.84733
981,0.11597,-0.05054,0.94946,-4.85496,-43.66412,4.06107
982,0.06982,-0.02466,1.05713,-4.06107,-42.88550,0.30534
983,0.09692,-0.04858,0.93921,-4.56489,-43.28244,1.31298
984,0.10327,-0.03296,0.94873,-5.08397,-43.69466,4.53435
985,0.09570,-0.02271,1.01343,-4.54962,-43.20611,0.30534
986,0.10938,-0.05884,0.94238,-4.59542,-43.74046,1.78626
987,0.09131,-0.04053,1.06445,-4.77863,-43.19084,3.54198
988,0.10352,-0.06299,0.97388,-4.32061,-42.76336,0.90076
989,0.09058,-0.04883,0.97217,-4.70229,-43.35878,1.60305
990,0.11328,-0.04956,0.93726,-5.02290,-43.89313,3.70992
991,0.07471,-0.04370,1.02783,-4.32061,-42.80916,0.85496
992,0.10010,-0.04346,0.94116,-4.80916,-43.26717,1.51145
993,0.09546,-0.06519,1.02612,-5.06870,-43.90840,4.07634
994,0.08667,-0.02417,1.00537,-4.39695,-42.47328,0.45802
995,0.10767,-0.04883,0.93555,-4.65649,-43.48092,1.16031
996,0.09839,-0.04810,1.03442,-4.73282,-43.46565,4.42748
997,0.09302,-0.03101,1.01807,-4.39695,-42.82443,1.32824
998,0.10156,-0.04834,0.96338,-4.36641,-42.82443,0.22901
999,0.10498,-0.03613,0.93433,-4.76336,-43.31298,4.00000
1000,0.07617,-0.03247,1.00000,-4.53435,-42.94656,2.12214
1001,0.10913,-0.05322,0.89844,-4.56489,-43.46565,-0.39695
1002,0.09424,-0.04712,0.99438,-4.73282,-43.54198,3.14504
1003,0.08716,-0.04492,0.98755,-4.71756,-43.06870,3.22137
1004,0.10791,-0.04028,0.94238,-4.58015,-43.23664,-0.27481
1005,0.09790,-0.04346,1.00928,-5.03817,-43.45038,1.14504
1006,0.09668,-0.05493,0.96606,-4.62595,-43.03817,4.38168
1007,0.10059,-0.04932,0.95947,-4.59542,-43.46565,1.19084
1008,0.09058,-0.04736,0.98096,-4.96183,-43.74046,0.22901
1009,0.07422,-0.03027,1.01196,-4.77863,-43.45038,0.59542
1010,0.10645,-0.05493,0.93848,-4.91603,-43.23664,4.54962
1011,0.09790,-0.04932,0.90283,-4.88550,-43.86259,3.29771
1012,0.08203,-0.03638,1.06787,-4.45802,-43.12977,-0.27481
1013,0.10010,-0.04932,0.94360,-4.32061,-42.96183,1.81679
1014,0.08569,-0.04468,1.08252,-4.83969,-43.32824,3.41985
1015,0.09253,-0.03662,1.03931,-4.45802,-42.70229,3.78626
1016,0.09692,-0.04443,0.91626,-4.77863,-43.22137,0.07634
1017,0.09717,-0.06128,0.95825,-4.74809,-43.38931,0.25954
1018,0.06958,-0.02124,1.03369,-4.29008,-43.14504,4.07634
1019,0.09937,-0.04712,0.93066,-5.05344,-43.55725,2.44275
1020,0.08569,-0.04053,1.06934,-4.94656,-43.74046,0.56489
1021,0.07812,-0.02515,0.97656,-4.41221,-42.80916,0.25954
1022,0.08643,-0.04419,0.99121,-4.67176,-43.11450,3.80153
1023,0.10254,-0.03491,0.98730,-4.58015,-43.31298,3.78626
1024,0.09888,-0.03516,0.97314,-4.85496,-42.99237,-0.53435
1025,0.09082,-0.04321,0.99463,-4.48855,-43.09924,2.36641
1026,0.11060,-0.03076,0.96997,-4.51908,-43.40458,3.78626
1027,0.08594,-0.02368,1.02881,-4.39695,-42.90076,0.21374
1028,0.10059,-0.05127,0.91504,-4.65649,-43.34351,1.35878
1029,0.10498,-0.04443,0.99609,-4.88550,-43.63359,4.35115
1030,0.08032,-0.02295,0.97095,-4.59542,-43.26717,0.35115
1031,0.10889,-0.04053,0.96362,-4.79389,-43.49618,2.45802
1032,0.09204,-0.03076,1.05884,-4.97710,-43.70992,3.34351
1033,0.10034,-0.03955,0.95117,-4.62595,-43.35878,-0.04580
1034,0.11182,-0.03613,0.98608,-4.39695,-42.99237,2.56489
1035,0.11572,-0.04395,0.95532,-4.54962,-43.34351,3.69466
1036,0.09058,-0.04980,0.99585,-4.42748,-42.48855,-0.50382
1037,0.10352,-0.04468,0.92212,-4.38168,-43.35878,2.06107
1038,0.09521,-0.04150,1.06812,-4.96183,-43.60305,4.13740
1039,0.09155,-0.02930,0.94092,-4.18321,-42.85496,0.35115
1040,0.10425,-0.05176,0.91992,-5.00763,-43.83206,0.83969
1041,0.09619,-0.04224,1.09106,-4.90076,-43.80153,4.29008
1042,0.09839,-0.03394,0.91968,-4.56489,-42.76336,0.47328
1043,0.09863,-0.05005,0.93286,-4.58015,-43.09924,0.79389
1044,0.10986,-0.04590,0.97144,-4.71756,-43.34351,4.21374
1045,0.09033,-0.04443,0.97607,-4.56489,-43.12977,1.08397
1046,0.09155,-0.04150,0.97559,-4.58015,-42.96183,1.05344
1047,0.10083,-0.04907,0.96045,-4.85496,-43.51145,4.07634
1048,0.07959,-0.03540,0.96851,-4.58015,-42.68702,1.51145
1049,0.11157,-0.04150,0.91357,-4.93130,-43.51145,0.96183
1050,0.11426,-0.05249,0.96997,-5.14504,-43.75573,3.75573
1051,0.09497,-0.01831,0.98096,-4.71756,-43.41985,0.93130
1052,0.10791,-0.05322,0.94580,-4.56489,-43.38931,0.91603
1053,0.09644,-0.04150,0.96143,-4.54962,-43.67939,3.95420
1054,0.09863,-0.05029,0.98657,-4.91603,-43.54198,1.69466
1055,0.10059,-0.04858,0.98291,-4.58015,-43.28244,0.04580
1056,0.10278,-0.04517,1.02832,-4.99237,-43.78626,3.81679
1057,0.07251,-0.03296,0.98730,-4.33588,-42.65649,2.47328
1058,0.08789,-0.04126,0.93579,-4.73282,-43.32824,0.12214
1059,0.08813,-0.04248,1.07080,-5.09924,-43.87786,2.54962
1060,0.08984,-0.01709,0.94531,-4.21374,-42.71756,3.58779
1061,0.09131,-0.04199,0.98462,-4.59542,-43.49618,-0.06107
1062,0.10132,-0.05176,0.93970,-4.68702,-43.60305,1.92366
1063,0.08813,-0.05127,0.99072,-4.73282,-42.71756,3.98473
1064,0.09814,-0.03784,0.97168,-4.53435,-43.45038,0.30534
1065,0.10791,-0.04224,0.93994,-4.68702,-43.57252,0.88550
1066,0.07495,-0.02759,1.00195,-4.32061,-42.80916,4.01527
1067,0.09766,-0.04272,0.97192,-4.70229,-43.31298,1.58779
1068,0.08716,-0.04517,1.06958,-5.05344,-43.61832,-0.74809
1069,0.09253,-0.01416,0.92505,-4.41221,-42.91603,3.48092
1070,0.10132,-0.04541,0.98096,-4.32061,-43.28244,3.22137
1071,0.10669,-0.04980,0.91650,-4.79389,-43.66412,-0.83969
1072,0.09570,-0.05957,0.99683,-4.59542,-42.97710,2.00000
1073,0.11230,-0.04810,0.96606,-4.09160,-43.02290,3.90840
1074,0.09619,-0.04858,0.98291,-4.68702,-43.78626,0.85496
1075,0.08643,-0.03076,1.00366,-4.45802,-43.00763,0.01527
1076,0.10767,-0.04614,0.89917,-4.61069,-43.38931,3.60305
1077,0.08789,-0.05420,1.06787,-4.96183,-44.06107,2.38168
1078,0.09058,-0.02979,0.93066,-4.33588,-42.87023,-0.73282
1079,0.09570,-0.04272,0.97656,-4.83969,-43.54198,3.02290
1080,0.10498,-0.05859,0.94727,-4.88550,-43.74046,3.19084
1081,0.07202,-0.04932,1.04004,-4.85496,-43.00763,-0.65649
1082,0.11328,-0.04321,0.89380,-5.03817,-43.64885,2.58015
1083,0.10669,-0.04639,1.00830,-4.79389,-43.35878,4.10687
1084,0.09253,-0.01807,0.98022,-4.44275,-42.70229,-0.73282
1085,0.09473,-0.04175,1.00366,-4.64122,-43.20611,1.87786
1086,0.08911,-0.03540,0.99243,-4.68702,-43.57252,3.92366
1087,0.10059,-0.03442,0.95947,-4.61069,-43.28244,0.33588
1088,0.09961,-0.05322,0.93042,-4.87023,-43.77099,2.99237
1089,0.09888,-0.04077,0.96997,-4.80916,-43.70992,3.02290
1090,0.08228,-0.06396,1.00781,-4.79389,-43.23664,-0.36641
1091,0.08496,-0.04126,0.98877,-4.97710,-43.26717,3.63359
1092,0.09473,-0.02563,0.98584,-4.53435,-42.96183,3.29771
1093,0.09375,-0.02612,0.96753,-4.96183,-43.06870,-0.73282
1094,0.12085,-0.04688,0.89014,-4.64122,-43.84733,3.05344
1095,0.09888,-0.02100,1.01880,-4.90076,-43.52672,2.90076
1096,0.09058,-0.01782,0.97998,-4.54962,-43.16031,0.13740
1097,0.08838,-0.03931,0.99927,-4.41221,-43.37405,3.86260
1098,0.10693,-0.05347,0.92798,-5.09924,-43.81680,1.89313
1099,0.09351,-0.06812,0.99756,-4.38168,-43.20611,0.35115
1100,0.10010,-0.04614,1.00659,-4.45802,-43.00763,4.01527
1101,0.10791,-0.07544,0.95972,-4.70229,-43.43512,1.38931
1102,0.08032,-0.03223,1.02856,-4.25954,-42.70229,0.12214
1103,0.10229,-0.04492,0.94824,-4.73282,-43.09924,4.12214
1104,0.09937,-0.03467,1.02588,-4.97710,-43.49618,1.86260
1105,0.09155,-0.01978,0.95142,-4.21374,-42.70229,-0.09160
1106,0.08984,-0.04321,0.96826,-4.64122,-43.05344,3.60305
1107,0.10400,-0.03760,0.93604,-4.77863,-43.49618,3.57252
1108,0.08301,-0.03271,1.04932,-4.47328,-43.14504,-0.07634
1109,0.10327,-0.05200,0.93652,-4.44275,-43.34351,1.64885
1110,0.10278,-0.05884,0.95923,-4.70229,-44.03053,4.53435
1111,0.07910,-0.04321,0.98364,-4.79389,-43.16031,1.00763
1112,0.12329,-0.04541,0.89160,-4.35115,-43.49618,-0.03053
1113,0.10327,-0.05420,0.95239,-4.88550,-43.61832,3.60305
1114,0.09302,-0.05347,0.96704,-4.62595,-43.40458,2.77863
1115,0.10767,-0.04736,0.97095,-4.73282,-43.52672,0.06107
1116,0.10229,-0.05786,0.97437,-4.88550,-43.87786,1.95420
1117,0.08667,-0.05444,1.00464,-4.53435,-43.40458,3.84733
1118,0.09888,-0.04224,0.98413,-4.47328,-43.28244,0.19847
1119,0.10107,-0.06006,0.92456,-4.80916,-43.55725,1.12977
1120,0.08691,-0.04785,1.02783,-4.82443,-43.14504,3.43511
1121,0.10718,-0.04272,0.90308,-4.87023,-43.54198,1.69466
1122,0.09326,-0.03760,1.06982,-4.51908,-43.45038,0.53435
1123,0.09839,-0.02661,0.94409,-4.25954,-42.77863,3.05344
1124,0.11157,-0.05029,0.94653,-4.53435,-43.67939,2.25954
1125,0.09644,-0.04053,0.96313,-5.14504,-43.48092,0.22901
1126,0.08374,-0.04932,1.01025,-4.42748,-42.68702,2.47328
1127,0.09863,-0.04150,0.94873,-4.64122,-43.25191,3.17557
1128,0.09619,-0.03345,0.97876,-4.90076,-43.45038,-0.01527
1129,0.09741,-0.06348,0.92969,-4.93130,-43.03817,2.18321
1130,0.09985,-0.03955,0.96924,-4.42748,-43.25191,3.67939
1131,0.10059,-0.03589,0.97876,-4.58015,-43.31298,0.09160
1132,0.09521,-0.03271,0.94580,-4.62595,-43.03817,1.17557
1133,0.10303,-0.03442,0.94678,-4.88550,-43.31298,3.96947
1134,0.08936,-0.05103,0.98730,-4.93130,-43.86259,1.28244
1135,0.09448,-0.03564,0.97290,-4.73282,-43.23664,0.59542
1136,0.10498,-0.05127,0.96021,-4.76336,-43.46565,4.15267
1137,0.08813,-0.05444,0.99658,-4.64122,-42.90076,1.61832
1138,0.09863,-0.05884,0.95728,-4.83969,-43.19084,-0.32061
1139,0.10229,-0.04053,0.95898,-4.32061,-43.12977,3.78626
1140,0.09888,-0.05249,1.02539,-4.59542,-43.45038,1.93893
1141,0.09033,-0.02612,0.95630,-4.35115,-42.73283,0.15267
1142,0.10938,-0.05176,0.92578,-4.87023,-43.40458,4.06107
1143,0.10571,-0.05127,0.90381,-5.20611,-44.06107,1.45038
1144,0.07617,-0.04688,1.05078,-4.38168,-42.94656,0.45802
1145,0.08423,-0.04028,0.96362,-4.54962,-43.45038,4.45802
1146,0.08765,-0.05078,0.99780,-5.02290,-43.81680,1.48092
1147,0.08228,-0.03662,1.00977,-4.47328,-42.83969,0.47328
1148,0.09839,-0.04834,0.95483,-4.51908,-43.06870,4.03053
1149,0.10010,-0.02905,0.97876,-5.08397,-43.29771,0.62595
1150,0.10083,-0.04175,0.97705,-5.12977,-43.06870,0.62595
1151,0.10645,-0.04443,0.90747,-4.67176,-43.25191,4.13740
1152,0.08740,-0.05444,1.07690,-4.76336,-43.64885,0.59542
1153,0.09229,-0.04761,0.99438,-4.36641,-42.80916,1.32824
1154,0.09424,-0.04810,0.94409,-4.65649,-43.35878,3.34351
1155,0.09302,-0.04126,0.91968,-4.88550,-44.07634,-0.04580
1156,0.07715,-0.03589,1.02490,-4.42748,-43.05344,1.58779
1157,0.10010,-0.04541,0.93384,-4.51908,-43.43512,4.01527
1158,0.09546,-0.04980,0.94751,-4.91603,-43.49618,0.18321
1159,0.08618,-0.06152,1.00317,-4.67176,-43.40458,1.25191
1160,0.10669,-0.04980,0.93921,-4.54962,-43.23664,4.18321
1161,0.10474,-0.05493,1.02100,-4.70229,-43.41985,1.16031
1162,0.08472,-0.03027,1.02563,-4.39695,-42.83969,0.39695
1163,0.09717,-0.03467,0.93823,-4.90076,-43.40458,3.32824
1164,0.09595,-0.05884,0.94531,-4.87023,-43.83206,3.74046
1165,0.07324,-0.03662,1.04712,-4.35115,-43.19084,-0.76336
1166,0.09131,-0.04565,0.96802,-4.88550,-43.45038,1.95420
1167,0.09473,-0.04346,0.99316,-4.80916,-43.45038,4.33588
1168,0.08740,-0.02490,0.99316,-4.71756,-42.96183,0.83969
1169,0.10156,-0.05078,0.93555,-4.35115,-43.25191,0.94656
1170,0.09790,-0.03149,1.02222,-4.94656,-43.52672,4.22901
1171,0.09302,-0.05200,0.97900,-4.22901,-43.14504,1.48092
1172,0.09790,-0.04443,0.99390,-4.58015,-42.97710,0.16794
1173,0.10474,-0.04272,0.94604,-4.79389,-43.46565,4.83969
1174,0.08423,-0.04712,1.01831,-4.16794,-42.94656,0.65649
1175,0.10425,-0.04688,0.97412,-4.62595,-43.46565,1.45038
1176,0.09839,-0.04492,0.97803,-4.79389,-43.25191,3.77099
1177,0.09595,-0.05542,0.99048,-4.59542,-43.43512,-0.27481
1178,0.10498,-0.04199,0.95361,-4.44275,-43.35878,2.07634
1179,0.09790,-0.05640,1.04102,-5.12977,-43.86259,3.77099
1180,0.09131,-0.04688,0.99268,-4.35115,-42.65649,0.03053
1181,0.10156,-0.04370,0.92725,-4.73282,-43.19084,4.07634
1182,0.10107,-0.05127,0.92480,-4.87023,-43.70992,2.35115
1183,0.07446,-0.03564,1.04932,-4.27481,-42.87023,-0.41221
1184,0.10693,-0.04297,0.92358,-4.61069,-43.22137,3.61832
1185,0.09668,-0.03760,1.01929,-5.02290,-43.78626,3.03817
1186,0.08667,-0.03857,0.98096,-4.27481,-43.17557,-0.56489
1187,0.09302,-0.04639,1.01221,-4.59542,-42.93130,3.26718
1188,0.10400,-0.02710,0.96436,-4.62595,-43.25191,3.02290
1189,0.10181,-0.02515,0.98096,-4.74809,-43.25191,-0.76336
1190,0.08765,-0.04224,1.00806,-4.65649,-43.52672,2.97710
1191,0.11108,-0.03491,0.87646,-4.82443,-43.75573,3.11450
1192,0.10229,-0.06860,0.95068,-4.61069,-43.06870,-0.33588
1193,0.09546,-0.03760,0.98267,-4.77863,-42.71756,1.81679
1194,0.10254,-0.04199,1.01440,-4.88550,-43.28244,3.98473
1195,0.08154,-0.02417,1.00464,-4.30534,-43.11450,0.25954
1196,0.09814,-0.05054,0.95752,-4.65649,-43.14504,1.81679
1197,0.09399,-0.06177,0.96704,-4.32061,-43.29771,3.77099
1198,0.08179,-0.05273,1.02295,-4.32061,-43.46565,0.13740
1199,0.10278,-0.04468,0.99854,-4.41221,-43.08397,1.95420
1200,0.11108,-0.05493,0.89941,-4.77863,-43.60305,4.00000
1201,0.08301,-0.04468,1.02344,-4.19847,-43.12977,0.91603
1202,0.11108,-0.04736,0.91846,-4.76336,-43.38931,1.78626
1203,0.10938,-0.05225,0.93652,-4.85496,-43.74046,4.32061
1204,0.08594,-0.02515,1.02124,-4.38168,-42.97710,1.23664
1205,0.10132,-0.04517,0.93042,-4.87023,-43.35878,0.42748
1206,0.09399,-0.04028,1.02100,-4.80916,-43.64885,3.74046
1207,0.08594,-0.02197,0.97241,-4.41221,-43.20611,2.22901
1208,0.08984,-0.03931,0.99390,-4.67176,-43.29771,-0.15267
1209,0.11011,-0.03833,0.88843,-4.65649,-43.57252,3.09924
1210,0.08838,-0.05054,1.00952,-4.67176,-43.32824,3.11450
1211,0.08496,-0.04419,0.99292,-4.24427,-43.06870,-0.54962
1212,0.09961,-0.04688,0.93506,-4.83969,-43.60305,2.33588
1213,0.07422,-0.02930,1.02710,-4.15267,-43.03817,4.04580
1214,0.10303,-0.03711,0.90015,-4.53435,-43.05344,-0.13740
1215,0.09521,-0.03589,1.05151,-5.14504,-43.95420,0.58015
1216,0.08765,-0.04980,1.00488,-4.54962,-43.40458,4.27481
1217,0.10376,-0.05298,0.97632,-4.56489,-43.37405,0.76336
1218,0.10303,-0.05420,0.94824,-4.83969,-43.09924,-0.51908
1219,0.10791,-0.08203,0.87695,-4.59542,-43.12977,3.90840
1220,0.08057,-0.04468,1.06763,-3.96947,-42.76336,2.00000
1221,0.11011,-0.04761,0.91895,-4.88550,-43.28244,-0.77863
1222,0.09009,-0.03296,1.00830,-4.68702,-43.16031,3.14504
1223,0.10742,-0.04565,0.90796,-4.61069,-43.12977,3.29771
1224,0.09326,-0.04053,1.04688,-4.87023,-43.69466,-0.24427
1225,0.08887,-0.02515,0.96753,-4.42748,-43.02290,1.34351
1226,0.10083,-0.05127,0.94922,-4.70229,-43.34351,3.64885
1227,0.10791,-0.05127,0.93408,-5.00763,-43.67939,2.09160
1228,0.09277,-0.06738,0.96606,-4.36641,-42.71756,0.30534
1229,0.10449,-0.04932,0.95605,-4.48855,-42.79389,2.38168
1230,0.10034,-0.03052,0.94824,-4.71756,-42.93130,4.10687
1231,0.09839,-0.03223,0.99072,-4.50382,-42.67176,1.17557
1232,0.10986,-0.05884,0.87402,-4.62595,-43.20611,-0.13740
1233,0.11353,-0.04541,0.93604,-5.20611,-43.74046,4.06107
1234,0.08691,-0.02319,1.00928,-4.99237,-43.72519,2.77863
1235,0.10083,-0.04712,0.97754,-4.61069,-43.28244,-0.07634
1236,0.11401,-0.05518,0.91016,-5.11450,-43.60305,2.45802
1237,0.09204,-0.07642,0.96704,-4.48855,-43.41985,3.41985
1238,0.09106,-0.04565,0.98218,-4.42748,-42.82443,0.03053
1239,0.10327,-0.04834,0.91772,-4.56489,-43.28244,2.85496
1240,0.09253,-0.04370,1.01196,-4.36641,-42.88550,3.38931
1241,0.10693,-0.04004,0.91431,-4.59542,-43.11450,-0.44275
1242,0.09180,-0.05176,1.03394,-4.93130,-43.90840,2.47328
1243,0.08447,-0.02710,0.98706,-4.42748,-42.97710,3.74046
1244,0.10791,-0.04858,0.91357,-4.67176,-43.23664,-0.09160
1245,0.10181,-0.04712,0.94849,-4.83969,-43.81680,2.25954
1246,0.08813,-0.05273,0.99658,-4.13740,-43.28244,3.58779
1247,0.10522,-0.05688,0.92261,-4.65649,-43.26717,0.06107
1248,0.09399,-0.03369,0.95459,-4.44275,-43.41985,2.99237
1249,0.09546,-0.05249,0.94507,-4.56489,-43.02290,2.87023
1250,0.10669,-0.04932,0.91284,-4.62595,-43.17557,-0.65649
1251,0.10254,-0.02563,0.98975,-4.80916,-43.22137,3.16031
1252,0.08569,-0.02856,1.00098,-4.24427,-43.05344,2.85496
1253,0.11011,-0.05151,0.94116,-4.65649,-43.23664,-0.25954
1254,0.10986,-0.05811,0.93018,-4.76336,-43.54198,2.38168
1255,0.10376,-0.07788,0.94116,-4.61069,-43.26717,2.82443
1256,0.08472,-0.04443,1.05859,-4.22901,-43.16031,-0.42748
1257,0.09692,-0.05078,0.95288,-4.67176,-43.31298,1.55725
1258,0.08911,-0.05469,0.97681,-4.41221,-43.25191,3.86260
1259,0.10596,-0.03564,0.91650,-4.56489,-43.22137,-0.13740
1260,0.09888,-0.03027,1.01978,-5.11450,-43.51145,0.47328
1261,0.08521,-0.03394,0.97754,-4.50382,-43.02290,4.21374
1262,0.10522,-0.03760,0.90918,-4.56489,-43.22137,0.88550
1263,0.10327,-0.03931,0.93750,-5.00763,-43.40458,-0.06107
1264,0.09180,-0.06226,0.94873,-4.35115,-43.29771,3.54198
1265,0.09717,-0.04834,0.97192,-4.77863,-43.16031,1.74046
1266,0.10303,-0.04077,0.93677,-4.45802,-43.12977,-0.41221
1267,0.08057,-0.06543,1.02954,-4.48855,-43.34351,3.23664
1268,0.10498,-0.04004,0.93335,-4.45802,-43.25191,2.93130
1269,0.10571,-0.05249,0.95386,-5.09924,-43.75573,-0.79389
1270,0.09082,-0.01709,1.00049,-4.51908,-43.31298,3.58779
1271,0.11694,-0.05225,0.92529,-4.70229,-43.29771,3.03817
1272,0.10156,-0.05273,0.99658,-4.64122,-43.38931,-0.33588
1273,0.09668,-0.05103,0.96924,-4.61069,-43.25191,2.71756
1274,0.09766,-0.04834,1.00684,-4.56489,-43.00763,3.14504
1275,0.10010,-0.03394,0.92969,-4.80916,-43.49618,0.24427
1276,0.09766,-0.04834,0.99512,-4.59542,-43.19084,2.18321
1277,0.10498,-0.04517,0.90332,-4.70229,-43.37405,3.93893
1278,0.10547,-0.03979,0.99561,-5.29771,-43.64885,0.21374
1279,0.08789,-0.04004,0.98706,-4.61069,-43.08397,0.94656
1280,0.11304,-0.04102,0.90576,-4.54962,-43.09924,4.44275
1281,0.07056,-0.03442,1.08276,-4.85496,-43.57252,1.05344
1282,0.09814,-0.06519,0.94507,-4.85496,-43.54198,0.61069
1283,0.08862,-0.04199,1.02832,-4.44275,-43.22137,3.83206
1284,0.09839,-0.02563,0.96362,-4.76336,-43.46565,1.83206
1285,0.09229,-0.03809,1.01416,-4.30534,-43.22137,0.29008
1286,0.10791,-0.05957,0.95459,-4.59542,-43.52672,3.90840
1287,0.10449,-0.05566,0.93604,-4.51908,-43.25191,2.42748
1288,0.08789,-0.02710,1.01855,-4.85496,-43.12977,-0.32061
1289,0.11304,-0.05225,0.87158,-4.35115,-42.97710,3.23664
1290,0.08643,-0.05298,1.06641,-4.80916,-43.72519,3.77099
1291,0.09644,-0.06909,0.96240,-4.53435,-43.14504,-0.36641
1292,0.08081,-0.04248,0.98901,-4.36641,-43.17557,2.22901
1293,0.10449,-0.04858,0.96558,-4.83969,-43.31298,4.21374
1294,0.09180,-0.06689,0.96460,-4.71756,-43.29771,0.91603
1295,0.10156,-0.04834,0.96558,-4.61069,-43.19084,1.05344
1296,0.10889,-0.06860,0.92700,-4.65649,-43.20611,4.33588
1297,0.08984,-0.04028,1.01929,-4.64122,-43.40458,1.81679
1298,0.10547,-0.04102,0.91333,-4.30534,-42.77863,0.06107
1299,0.10059,-0.05322,1.05371,-4.59542,-43.46565,3.52672
1300,0.08472,-0.06079,1.01196,-4.42748,-42.83969,2.79389
1301,0.08594,-0.04810,0.98804,-4.51908,-43.19084,0.09160
1302,0.09497,-0.05859,0.94360,-4.87023,-43.74046,4.24427
1303,0.08398,-0.05493,1.01929,-4.13740,-43.08397,1.77099
1304,0.10352,-0.03931,0.94165,-4.56489,-43.54198,-0.29008
1305,0.11377,-0.05054,0.94385,-4.74809,-43.66412,3.89313
1306,0.09302,-0.05176,0.98560,-4.68702,-43.23664,1.28244
1307,0.09375,-0.04492,0.96729,-4.64122,-42.90076,0.25954
1308,0.09619,-0.05029,0.98169,-4.83969,-43.38931,3.95420
1309,0.09644,-0.04370,1.00781,-4.29008,-42.79389,1.46565
1310,0.08618,-0.04590,0.98657,-4.35115,-42.76336,0.48855
1311,0.11108,-0.03198,0.90479,-4.82443,-43.72519,4.82443
1312,0.07837,-0.02539,1.03613,-4.32061,-42.88550,1.02290
1313,0.10400,-0.05273,0.90088,-4.61069,-43.35878,0.03053
1314,0.08911,-0.03979,0.98267,-4.58015,-43.34351,4.19847
1315,0.09375,-0.05054,0.97949,-4.44275,-43.63359,1.25191
1316,0.09985,-0.05444,1.00000,-4.67176,-43.43512,0.45802
1317,0.11890,-0.05322,0.94141,-4.62595,-43.38931,3.64885
1318,0.09790,-0.05981,0.94434,-4.68702,-43.14504,1.32824
1319,0.09033,-0.05029,0.99902,-4.25954,-42.93130,1.00763
1320,0.09009,-0.04834,0.94604,-4.83969,-43.48092,4.36641
1321,0.07886,-0.04590,1.01807,-4.74809,-43.28244,1.52672
1322,0.09033,-0.04443,0.96045,-4.48855,-43.16031,0.45802
1323,0.09839,-0.04785,0.98145,-4.58015,-43.96947,4.42748
1324,0.08228,-0.03833,1.02051,-4.27481,-42.94656,0.83969
1325,0.09473,-0.04395,0.97925,-4.65649,-43.08397,0.39695
1326,0.09961,-0.03662,0.98560,-4.18321,-43.20611,3.84733
1327,0.10498,-0.02905,0.94312,-4.33588,-43.35878,0.79389
1328,0.09375,-0.04175,1.04297,-4.50382,-43.09924,0.88550
1329,0.10522,-0.03027,0.88184,-4.99237,-43.93893,3.66412
1330,0.09082,-0.05029,1.03564,-4.36641,-43.02290,1.23664
1331,0.10181,-0.05200,0.93604,-4.35115,-42.94656,0.47328
1332,0.10229,-0.04321,0.94434,-4.41221,-43.28244,3.86260
1333,0.08496,-0.05029,1.00415,-4.22901,-43.12977,1.98473
1334,0.10400,-0.05420,0.97144,-4.65649,-43.31298,-0.39695
1335,0.10156,-0.04443,0.95239,-4.21374,-42.94656,2.96183
1336,0.08789,-0.04272,1.00586,-4.25954,-42.88550,3.34351
1337,0.10840,-0.04395,0.96533,-4.54962,-43.02290,-0.50382
1338,0.09082,-0.04639,0.98486,-4.53435,-43.40458,1.48092
1339,0.08643,-0.04395,1.00732,-4.76336,-43.60305,4.13740
1340,0.09424,-0.03809,0.95923,-4.38168,-42.73283,0.25954
1341,0.10303,-0.05176,0.95068,-4.71756,-44.04580,1.17557
1342,0.07666,-0.04102,1.02930,-4.99237,-43.23664,3.09924
1343,0.10571,-0.03979,0.92456,-4.54962,-43.05344,2.30534
1344,0.09106,-0.05127,1.00195,-4.59542,-43.80153,0.29008
1345,0.08740,-0.03589,0.98315,-4.38168,-42.88550,2.24427
1346,0.11890,-0.05518,0.89038,-4.73282,-42.91603,3.84733
1347,0.11670,-0.05127,0.94092,-4.50382,-43.06870,0.48855
1348,0.10229,-0.06616,0.92041,-4.45802,-42.90076,0.48855
1349,0.08936,-0.03955,0.99731,-4.47328,-43.25191,4.01527
1350,0.10229,-0.03320,0.93823,-4.88550,-43.34351,2.82443
1351,0.07544,-0.03833,1.01318,-4.71756,-43.20611,-0.91603
1352,0.10059,-0.04736,0.95044,-4.47328,-43.14504,1.34351
1353,0.09521,-0.04614,0.94751,-4.65649,-43.64885,4.83969
1354,0.08887,-0.04785,1.01343,-4.41221,-43.08397,1.86260
1355,0.10132,-0.04321,0.97974,-4.61069,-43.11450,-0.50382
1356,0.09863,-0.03809,0.95923,-4.48855,-43.31298,2.58015
1357,0.09692,-0.04004,0.96387,-4.59542,-42.87023,3.54198
1358,0.09595,-0.04565,0.95020,-4.48855,-42.74809,0.47328
1359,0.10767,-0.05127,0.92896,-4.70229,-43.81680,0.41221
1360,0.06934,-0.03442,1.05005,-4.59542,-43.23664,3.12977
1361,0.09692,-0.03320,0.92017,-4.68702,-43.38931,3.67939
1362,0.08716,-0.03955,1.05054,-4.93130,-43.80153,-0.97710
1363,0.08691,-0.03149,0.95630,-4.24427,-43.16031,1.40458
1364,0.10327,-0.04858,0.93823,-4.44275,-43.02290,3.74046
1365,0.10498,-0.03516,0.95532,-4.67176,-43.19084,1.86260
1366,0.09106,-0.05151,0.97559,-4.30534,-43.00763,0.07634
1367,0.10693,-0.05469,0.91968,-4.56489,-43.09924,3.58779
1368,0.10352,-0.04492,0.94165,-4.53435,-43.28244,3.60305
1369,0.09033,-0.02441,1.00146,-4.56489,-42.85496,-0.54962
1370,0.10913,-0.05298,0.89185,-4.62595,-43.17557,2.56489
1371,0.10010,-0.05249,0.95776,-4.54962,-43.43512,4.47328
1372,0.07568,-0.02344,1.01953,-4.77863,-43.52672,0.50382
1373,0.10425,-0.04834,1.01074,-4.41221,-43.41985,1.52672
1374,0.10327,-0.05688,0.95532,-4.87023,-43.35878,4.21374
1375,0.10962,-0.06519,0.90454,-4.83969,-43.52672,1.52672
1376,0.08667,-0.04907,1.02979,-4.27481,-43.00763,0.16794
1377,0.11035,-0.05518,0.90063,-4.73282,-43.61832,4.27481
1378,0.07568,-0.03857,1.02979,-4.04580,-42.83969,2.19847
1379,0.10327,-0.04468,0.91699,-4.59542,-43.16031,-0.04580
1380,0.09863,-0.05029,1.00415,-5.17557,-43.74046,3.93893
1381,0.08032,-0.02124,0.98364,-4.45802,-43.02290,1.96947
1382,0.09595,-0.04736,0.97070,-4.65649,-43.26717,-0.01527
1383,0.10571,-0.05713,0.99976,-4.53435,-43.31298,3.75573
1384,0.09326,-0.05518,0.95068,-4.32061,-43.23664,2.15267
1385,0.09131,-0.04468,1.00366,-4.44275,-43.28244,-0.07634
1386,0.10791,-0.04663,0.92285,-5.16031,-43.98473,4.12214
1387,0.09937,-0.05127,0.99365,-4.25954,-43.51145,1.20611
1388,0.09180,-0.04346,0.97925,-4.45802,-42.48855,1.03817
1389,0.10474,-0.02295,0.95850,-4.61069,-43.16031,3.78626
1390,0.07397,-0.03003,1.00488,-4.33588,-42.82443,0.01527
1391,0.10938,-0.05005,0.89722,-4.77863,-43.19084,2.62595
1392,0.10840,-0.05493,0.96118,-4.77863,-43.43512,3.83206
1393,0.10498,-0.06494,0.93677,-4.45802,-43.29771,-0.79389
1394,0.09277,-0.05151,1.04761,-4.45802,-42.97710,3.29771
1395,0.10620,-0.05127,0.92896,-4.41221,-43.26717,1.26718
1396,0.09570,-0.05078,0.99072,-4.30534,-42.97710,0.70229
1397,0.09888,-0.04321,0.93774,-4.58015,-43.20611,4.15267
1398,0.11108,-0.04541,0.96289,-4.83969,-43.77099,0.16794
1399,0.07690,-0.03760,0.99951,-4.62595,-43.35878,0.85496
1400,0.09814,-0.04785,0.92114,-4.27481,-43.06870,4.15267
1401,0.10156,-0.05103,0.91260,-4.74809,-43.80153,-0.10687
1402,0.09546,-0.06128,0.98730,-4.62595,-43.19084,2.07634
1403,0.09644,-0.04395,0.96606,-4.65649,-43.05344,3.63359
1404,0.10449,-0.05371,0.93066,-4.65649,-43.31298,0.54962
1405,0.09937,-0.05957,0.92773,-4.44275,-43.08397,2.10687
1406,0.11353,-0.04907,0.92993,-4.62595,-43.23664,3.38931
1407,0.10864,-0.03906,0.95312,-4.59542,-43.63359,-0.82443
1408,0.08667,-0.03027,1.00854,-4.41221,-42.97710,2.33588
1409,0.09229,-0.04248,0.94287,-4.35115,-42.56488,3.57252
1410,0.09766,-0.03882,0.93042,-4.48855,-43.34351,-0.42748
1411,0.10645,-0.06860,0.95068,-4.79389,-43.16031,1.61832
1412,0.09180,-0.04492,1.03003,-4.35115,-42.51908,4.06107
1413,0.09229,-0.04248,0.99463,-4.47328,-43.23664,-0.36641
1414,0.09668,-0.04395,0.98267,-4.32061,-43.25191,1.29771
1415,0.10840,-0.05444,0.96313,-4.93130,-43.54198,4.41221
1416,0.09790,-0.05737,0.94360,-4.45802,-43.06870,0.53435
1417,0.09473,-0.04443,1.01831,-4.93130,-42.83969,0.33588
1418,0.10522,-0.04321,0.90771,-4.51908,-42.83969,4.06107
1419,0.10620,-0.04492,0.89600,-4.65649,-43.81680,1.55725
1420,0.09863,-0.06055,0.96729,-4.67176,-43.22137,-0.25954
1421,0.09424,-0.04224,1.00391,-4.30534,-42.85496,3.17557
1422,0.10498,-0.05688,0.91284,-4.59542,-43.70992,3.46565
1423,0.07837,-0.05615,1.01025,-4.65649,-43.45038,0.19847
1424,0.09302,-0.04858,0.95752,-4.62595,-43.22137,0.74809
1425,0.09619,-0.03101,0.96460,-4.70229,-43.29771,4.35115
1426,0.10352,-0.06763,0.91357,-4.58015,-43.40458,1.75573
1427,0.10498,-0.04346,0.96655,-5.03817,-43.28244,-0.27481
1428,0.10181,-0.04932,0.97485,-4.91603,-43.89313,3.40458
1429,0.10278,-0.06274,0.96094,-4.47328,-43.20611,3.46565
1430,0.10425,-0.05884,0.92114,-4.73282,-42.82443,0.03053
1431,0.10669,-0.04736,0.89868,-4.54962,-43.55725,0.73282
1432,0.10669,-0.06104,0.98511,-4.56489,-43.37405,4.21374
